Name,Description,Price
Cheese - St. Andre,Face to face grid-enabled parallelism,252.67
Wine - Casablanca Valley,Expanded systemic circuit,470.6
"Turkey - Breast, Double",Networked fault-tolerant internet solution,297.79
"Hickory Smoke, Liquid",Diverse demand-driven function,417.66
Wine - Sauvignon Blanc,Innovative global monitoring,411.22
Ecolab - Hobart Upr Prewash Arm,Realigned heuristic software,497.84
Eggplant - Asian,Open-architected asynchronous pricing structure,392.96
General Purpose Trigger,Realigned systematic contingency,198.62
"Nut - Cashews, Whole, Raw",Horizontal eco-centric algorithm,92.78
Sugar - Splenda Sweetener,Exclusive dedicated structure,82.37
Horseradish Root,User-centric optimal hardware,288.54
French Kiss Vanilla,Business-focused eco-centric paradigm,478.63
Lychee - Canned,Diverse methodical secured line,43.9
Lemonade - Pineapple Passion,Integrated actuating paradigm,408.85
Beer - Mill St Organic,Digitized multi-state data-warehouse,375.47
Pants Custom Dry Clean,Enterprise-wide 24 hour attitude,298.84
"Thyme - Lemon, Fresh",Versatile methodical process improvement,157.27
"Tortillas - Flour, 8",Right-sized tertiary matrices,280.62
Cheese - Cottage Cheese,Realigned local pricing structure,110.06
"Sprite, Diet - 355ml",Self-enabling mobile artificial intelligence,489.35
"Liners - Banana, Paper",Polarised multimedia flexibility,423.62
"Crush - Orange, 355ml",Pre-emptive dedicated collaboration,323.46
Chocolate - Dark,Decentralized logistical forecast,211.03
Pail With Metal Handle 16l White,Profit-focused secondary structure,134.06
Bread - Crusty Italian Poly,Intuitive optimal capacity,124.25
"Chicken - White Meat, No Tender",Implemented client-server benchmark,336.12
Soup V8 Roasted Red Pepper,Profit-focused homogeneous superstructure,69.06
Flower - Commercial Bronze,Grass-roots next generation monitoring,225.48
"Flour - Buckwheat, Dark",Secured logistical parallelism,51.99
"Wine - Red, Marechal Foch",Synergized upward-trending complexity,392.6
Food Colouring - Orange,Advanced hybrid algorithm,472.43
"Soup - Knorr, Ministrone",Profit-focused upward-trending productivity,169.74
External Supplier,Profit-focused tangible knowledge base,461.01
Wine - Zonnebloem Pinotage,Organized mobile intranet,100.74
"Fish - Soup Base, Bouillon",Adaptive local database,11.1
Compound - Orange,Extended local budgetary management,124.85
Ham - Cooked Bayonne Tinned,Customizable mobile functionalities,298.55
Sobe - Lizard Fuel,Re-engineered scalable structure,73.92
Lamb - Sausage Casings,Future-proofed mission-critical encoding,62.64
"Wine - Red, Cabernet Merlot",Customer-focused multi-state support,119.88
Southern Comfort,Re-engineered 3rd generation alliance,341.93
Wine - Chateau Timberlay,Reverse-engineered analyzing application,204.2
Wine - Segura Viudas Aria Brut,Compatible motivating artificial intelligence,112.59
Soup - Campbells Pasta Fagioli,Re-contextualized leading edge benchmark,366.79
"Veal - Inside, Choice",Secured object-oriented hub,470.96
Kumquat,Extended responsive approach,70.04
Bar Mix - Lime,Diverse reciprocal infrastructure,336.78
Pate - Liver,Switchable actuating workforce,498.0
"Artichoke - Bottom, Canned",Synergized even-keeled artificial intelligence,411.83
Melon - Watermelon Yellow,User-centric user-facing protocol,292.55
Wine - Clavet Saint Emilion,Secured transitional productivity,406.96
Beef - Salted,De-engineered fault-tolerant customer loyalty,153.34
Gatorade - Xfactor Berry,Seamless 3rd generation Graphical User Interface,273.62
"Cheese - Cheddar, Old White",Integrated asynchronous Graphic Interface,323.38
"Pasta - Fettuccine, Dry",Front-line context-sensitive superstructure,46.23
Snapple - Iced Tea Peach,Ergonomic client-driven forecast,308.95
Cheese - Grie Des Champ,Proactive bifurcated throughput,204.51
Poppy Seed,Focused heuristic matrix,75.91
Creme De Cacao White,Customer-focused well-modulated matrices,355.87
Water - Green Tea Refresher,Public-key 4th generation initiative,112.73
V8 - Vegetable Cocktail,Fully-configurable systematic intranet,1.19
Truffle - Peelings,Proactive real-time success,395.78
Tea - Mint,User-friendly incremental service-desk,217.4
Veal - Insides Provini,Implemented zero tolerance solution,45.99
Bread - Hot Dog Buns,Business-focused heuristic website,361.16
Veal - Sweetbread,Fundamental hybrid framework,35.26
Wine - Chateau Aqueria Tavel,Team-oriented asymmetric instruction set,247.85
Cake - Night And Day Choclate,Business-focused heuristic portal,8.79
Calvados - Boulard,Advanced high-level challenge,196.36
Container - Clear 32 Oz,Re-contextualized client-server throughput,320.23
"Soup - Campbells, Beef Barley",Proactive multi-state info-mediaries,60.55
Tomatoes Tear Drop Yellow,Realigned demand-driven firmware,215.33
Beef Flat Iron Steak,Assimilated zero administration core,434.23
Sauce - Cranberry,Enhanced systemic secured line,235.65
Buffalo - Tenderloin,Diverse 5th generation Graphic Interface,264.59
"Wine - Red, Black Opal Shiraz",Cloned object-oriented strategy,370.22
Towels - Paper / Kraft,Extended tangible artificial intelligence,5.52
Longos - Grilled Chicken With,Monitored bandwidth-monitored Graphic Interface,114.36
Basil - Seedlings Cookstown,Face to face disintermediate groupware,475.83
Beer - Sleemans Cream Ale,Enterprise-wide 3rd generation challenge,13.94
"Olives - Black, Pitted",Reverse-engineered heuristic adapter,421.52
Cake Slab,Profit-focused empowering parallelism,278.28
Beer - Sleeman Fine Porter,Right-sized incremental data-warehouse,115.73
Syrup - Monin - Passion Fruit,Reduced actuating workforce,315.43
"Juice - V8, Tomato",Synergistic tertiary core,358.39
Tilapia - Fillets,Ergonomic bifurcated capability,384.5
Eggs - Extra Large,Object-based web-enabled capability,355.84
Chicken - Whole Fryers,Public-key contextually-based paradigm,72.14
Wine - Chardonnay Mondavi,Enhanced maximized internet solution,21.2
Nantucket - 518ml,Intuitive mission-critical capacity,134.41
"Chocolate - Semi Sweet, Calets",Expanded hybrid access,487.2
Bread - Kimel Stick Poly,Fundamental needs-based moratorium,449.3
"Pasta - Detalini, White, Fresh",Face to face next generation emulation,53.26
Muffin Mix - Blueberry,Streamlined hybrid info-mediaries,260.11
Muffin - Banana Nut Individual,Advanced leading edge solution,260.88
Grapes - Red,Progressive methodical application,430.46
Sugar - Invert,Reactive solution-oriented framework,193.62
"Veal - Round, Eye Of",Self-enabling local Graphic Interface,208.73
"Crab - Claws, Snow 16 - 24",Self-enabling zero tolerance archive,384.51
Tea - Herbal - 6 Asst,Inverse 6th generation array,412.81
Coffee - Almond Amaretto,Inverse 6th generation extranet,469.07
Cream - 18%,Stand-alone transitional matrix,225.66
Tomatoes - Hot House,Expanded neutral conglomeration,351.3
Eggroll,Sharable multi-state service-desk,141.42
Melon - Cantaloupe,Virtual 3rd generation Graphic Interface,477.4
Pails With Lids,Horizontal responsive functionalities,307.47
Cookies Oatmeal Raisin,Cross-group demand-driven initiative,84.41
Wine - Cabernet Sauvignon,Versatile bandwidth-monitored software,206.43
Soup - Boston Clam Chowder,Seamless object-oriented database,309.06
Bay Leaf Fresh,Persistent bifurcated functionalities,408.33
"Napkin - Beverge, White 2 - Ply",Inverse mobile customer loyalty,460.57
Pork - Side Ribs,Cross-platform responsive methodology,128.51
Cloves - Ground,Extended responsive intranet,440.02
Wine - Magnotta - Cab Franc,Expanded coherent adapter,132.78
"Yeast - Fresh, Fleischman",Exclusive clear-thinking monitoring,488.85
Bread Ww Cluster,Profit-focused 24/7 complexity,439.88
Water - San Pellegrino,Cross-platform next generation methodology,238.3
"Cheese - Manchego, Spanish",Multi-layered homogeneous open architecture,465.47
Sour Puss Raspberry,Triple-buffered value-added internet solution,164.23
Tomatoes - Roma,Open-source bi-directional architecture,396.77
"Split Peas - Green, Dry",Managed human-resource encoding,261.49
Beer - Paulaner Hefeweisse,Team-oriented bandwidth-monitored function,474.27
Bread - Assorted Rolls,User-friendly optimizing open system,35.54
Beer - Muskoka Cream Ale,De-engineered composite help-desk,187.74
Snapple Raspberry Tea,Triple-buffered national application,205.41
Fondant - Icing,Reactive global info-mediaries,221.8
"Juice - Orange, Concentrate",User-friendly homogeneous projection,413.81
Bread - French Baquette,Polarised uniform encryption,342.52
"Glass - Wine, Plastic, Clear 5 Oz",Total well-modulated installation,231.13
Pastry - Cheese Baked Scones,Visionary encompassing hub,48.12
Beer - Molson Excel,Optimized radical hub,178.49
Onion Powder,Vision-oriented context-sensitive migration,456.95
Crush - Cream Soda,Managed context-sensitive definition,338.41
Chocolate - White,Exclusive intangible hardware,44.59
Sobe - Liz Blizz,Fully-configurable national capability,235.21
"Bread - Crumbs, Bulk",Inverse fault-tolerant utilisation,247.09
"Juice - Tomato, 10 Oz",Switchable 24 hour challenge,129.33
Ecolab Silver Fusion,Phased incremental policy,481.24
Bar Mix - Lemon,Synergistic responsive strategy,172.51
Pork - Smoked Kassler,Automated eco-centric infrastructure,495.33
Flower - Commercial Spider,Ameliorated interactive hardware,360.0
Flour Dark Rye,Focused disintermediate function,247.63
Venison - Ground,Business-focused next generation archive,370.05
Dried Cranberries,Self-enabling full-range capability,278.27
"Croissant, Raw - Mini",Synergized dedicated forecast,142.64
"Veal - Insides, Grains",Reduced needs-based model,27.51
Tea - Decaf 1 Cup,Implemented maximized conglomeration,191.38
Melon - Watermelon Yellow,Open-source client-server secured line,180.57
Ocean Spray - Ruby Red,Automated regional database,266.23
Chutney Sauce - Mango,Synergistic cohesive middleware,215.35
Brandy Apricot,Organic multi-state moderator,341.65
Sage - Rubbed,Versatile 24 hour data-warehouse,331.85
Curry Paste - Green Masala,Enhanced interactive leverage,143.94
Chef Hat 20cm,Enhanced upward-trending policy,224.61
Rice - Long Grain,Synergized upward-trending approach,407.07
Beef - Tender Tips,Configurable explicit hub,380.31
Bread - Crusty Italian Poly,Face to face executive pricing structure,453.39
Dill Weed - Fresh,Self-enabling explicit contingency,169.14
Sauce - Plum,Profound 5th generation synergy,265.56
Pastry - Choclate Baked,Robust impactful challenge,457.59
Flower - Commercial Spider,Seamless logistical instruction set,446.6
Cookies Almond Hazelnut,Quality-focused needs-based matrix,119.84
Chocolate - Compound Coating,Managed disintermediate framework,195.49
Pea - Snow,Horizontal secondary frame,213.41
"Pepper - White, Ground",De-engineered static frame,420.16
Foil - Round Foil,Integrated multi-tasking info-mediaries,466.92
Venison - Racks Frenched,Organic multi-tasking migration,223.93
Beef - Rib Eye Aaa,Exclusive content-based Graphic Interface,326.86
"Nut - Peanut, Roasted",Configurable tertiary array,254.69
Chocolate - Feathers,Automated bifurcated toolset,142.54
V8 Splash Strawberry Kiwi,Stand-alone foreground infrastructure,219.37
Rosemary - Fresh,Team-oriented background knowledge user,415.27
Spaghetti Squash,Polarised context-sensitive archive,238.67
Foil Cont Round,Diverse contextually-based frame,31.86
"Cheese - Cheddar, Mild",Reactive user-facing superstructure,357.85
"Lobster - Baby, Boiled",Focused bottom-line functionalities,115.33
Cookies Cereal Nut,Reduced background interface,49.35
Sauce - Roasted Red Pepper,Extended coherent alliance,118.54
Tart - Pecan Butter Squares,Universal actuating pricing structure,402.9
Nantucket - Pomegranate Pear,Intuitive value-added protocol,355.57
Veal - Loin,User-friendly global encryption,16.98
Longos - Chicken Cordon Bleu,Synergized 24/7 capability,486.83
V8 - Berry Blend,Profound stable monitoring,311.73
Butter Ripple - Phillips,Configurable dedicated productivity,135.44
Shrimp - Prawn,Function-based mission-critical project,37.96
"Cup - 3.5oz, Foam",Automated heuristic solution,428.88
Cornstarch,Intuitive cohesive protocol,258.59
Wine - Delicato Merlot,Multi-layered zero tolerance firmware,414.63
"Chicken - Thigh, Bone In",Reverse-engineered demand-driven interface,356.91
Rice - Wild,Synchronised dedicated capacity,484.72
Lemons,Assimilated mission-critical workforce,404.81
Irish Cream - Baileys,Multi-channelled well-modulated internet solution,104.38
Apricots - Dried,Function-based disintermediate structure,276.03
Snapple - Iced Tea Peach,Devolved even-keeled capability,129.46
Island Oasis - Peach Daiquiri,Vision-oriented composite initiative,239.22
Butter - Unsalted,Multi-tiered demand-driven matrices,398.34
Lamb - Shoulder,Reduced leading edge toolset,475.4
Phyllo Dough,Enhanced encompassing groupware,420.37
Clam - Cherrystone,Enterprise-wide asymmetric monitoring,107.29
Pepper - Yellow Bell,Optional modular Graphical User Interface,77.75
"Veal - Chops, Split, Frenched",User-centric grid-enabled parallelism,434.18
Magnotta - Bel Paese White,Configurable disintermediate superstructure,6.62
Pectin,Reduced clear-thinking flexibility,484.35
Salt - Celery,Inverse multi-tasking complexity,226.51
Beef Flat Iron Steak,Diverse interactive info-mediaries,15.32
Sauce - Plum,Pre-emptive clear-thinking monitoring,101.84
Cheese - Brick With Pepper,Realigned incremental policy,204.78
"Coffee - Beans, Whole",Synergistic leading edge utilisation,35.56
Thyme - Fresh,Total clear-thinking extranet,298.55
Cornflakes,Horizontal dedicated support,102.5
"Octopus - Baby, Cleaned",Cross-platform 6th generation approach,93.96
Fennel - Seeds,Devolved real-time interface,406.93
Bacardi Breezer - Strawberry,Front-line mission-critical architecture,30.81
Muskox - French Rack,Extended solution-oriented forecast,252.56
Bread - 10 Grain,Operative non-volatile circuit,218.61
"Nut - Cashews, Whole, Raw",Implemented bi-directional website,195.01
Stainless Steel Cleaner Vision,Integrated homogeneous customer loyalty,51.62
Corn Shoots,Ergonomic bi-directional adapter,292.26
Goat - Whole Cut,Ergonomic national migration,266.29
Snails - Large Canned,Function-based user-facing synergy,218.89
Lighter - Bbq,Re-contextualized empowering implementation,197.84
Mackerel Whole Fresh,Exclusive tangible frame,461.16
Tarts Assorted,Profound eco-centric application,457.73
Cookie Choc,Automated intangible methodology,101.68
Relish,Pre-emptive contextually-based interface,123.72
Fond - Neutral,Multi-lateral context-sensitive workforce,208.52
Oil - Pumpkinseed,Ameliorated asymmetric firmware,92.33
Oil - Grapeseed Oil,Switchable transitional budgetary management,296.04
Fib N9 - Prague Powder,Enhanced human-resource interface,222.79
"Coconut - Shredded, Unsweet",User-friendly hybrid focus group,167.48
V8 - Berry Blend,Virtual demand-driven service-desk,175.26
"Turkey - Breast, Boneless Sk On",Horizontal systematic budgetary management,21.82
Container - Hngd Cll Blk 7x7x3,Innovative upward-trending utilisation,341.88
Veal Inside - Provimi,Up-sized optimizing workforce,470.11
Foil - Round Foil,Networked intermediate help-desk,483.89
Oysters - Smoked,Intuitive national hub,113.77
Lettuce - Belgian Endive,Progressive background capacity,380.96
Yogurt - Assorted Pack,Progressive leading edge task-force,191.85
Samosa - Veg,Progressive methodical data-warehouse,128.62
Gatorade - Orange,Mandatory zero administration service-desk,442.06
Wine - Mondavi Coastal Private,Synergized exuding support,148.56
"Chocolate - Pistoles, Lactee, Milk",Digitized multi-state forecast,43.65
Dc - Frozen Momji,Up-sized real-time superstructure,279.37
Bread - Bistro Sour,Open-source mobile workforce,86.6
Pop - Club Soda Can,Fully-configurable asynchronous knowledge base,488.7
Coriander - Seed,Persevering background success,19.27
Muffin Chocolate Individual Wrap,Operative systemic solution,27.88
Chicken - Base,Enhanced user-facing workforce,157.36
Soho Lychee Liqueur,Ameliorated background monitoring,285.38
Spice - Peppercorn Melange,Devolved clear-thinking matrix,463.13
Juice - Orange 1.89l,Phased user-facing artificial intelligence,366.19
Pan Grease,Focused executive data-warehouse,7.44
Corn Kernels - Frozen,Adaptive disintermediate encryption,206.05
Chocolate - Feathers,Fundamental directional capacity,166.19
"Wine - Cahors Ac 2000, Clos",Synergistic well-modulated migration,324.82
Cheese - Marble,Reverse-engineered encompassing ability,162.43
"Salmon - Smoked, Sliced",Distributed global internet solution,293.29
"Gingerale - Schweppes, 355 Ml",Cross-group mobile knowledge user,448.62
Wine - Cave Springs Dry Riesling,Multi-layered reciprocal function,446.02
Bread - White Epi Baguette,User-friendly object-oriented ability,147.94
Longos - Cheese Tortellini,Virtual solution-oriented parallelism,72.2
Bandage - Fexible 1x3,Compatible leading edge orchestration,486.68
"Lemonade - Mandarin, 591 Ml",Sharable maximized time-frame,316.8
Wine - Magnotta - Cab Franc,Enterprise-wide 3rd generation product,285.71
Chinese Foods - Chicken Wing,Adaptive local customer loyalty,29.15
Pasta - Fusili Tri - Coloured,Profound discrete attitude,239.93
"Lid - Translucent, 3.5 And 6 Oz",Customizable web-enabled instruction set,465.57
Coffee Cup 16oz Foam,Monitored systematic neural-net,120.07
Icecream - Dibs,Up-sized human-resource circuit,25.0
"Dill - Primerba, Paste",De-engineered composite success,458.32
Wine - Manischewitz Concord,Digitized interactive attitude,315.73
Lettuce - Romaine,Profit-focused disintermediate initiative,259.78
Beer - Mill St Organic,Multi-lateral background application,351.8
Cake - Lemon Chiffon,Reactive mission-critical orchestration,65.65
Paper - Brown Paper Mini Cups,Self-enabling intangible archive,112.25
Appetizer - Seafood Assortment,Organic leading edge data-warehouse,462.63
Lobster - Canned Premium,Function-based methodical function,12.85
Creme De Banane - Marie,Vision-oriented intermediate internet solution,389.12
"Soup - Beef, Base Mix",Monitored logistical moderator,443.39
Milk - Condensed,Monitored mission-critical analyzer,119.5
Coffee - Decaffeinato Coffee,Cloned zero defect protocol,226.71
Scotch - Queen Anne,Multi-layered mobile intranet,452.8
Flour - Fast / Rapid,Triple-buffered systematic challenge,26.71
Sugar - White Packet,Grass-roots needs-based standardization,357.46
Sprouts - Pea,Mandatory 24/7 data-warehouse,438.77
"Lentils - Green, Dry",Public-key mobile parallelism,139.53
Glaze - Apricot,Integrated multi-state archive,440.37
"Cheese - Manchego, Spanish",Managed reciprocal concept,132.07
Rice - Long Grain,Profound stable extranet,412.6
"Liqueur Banana, Ramazzotti",Configurable client-driven focus group,6.44
Pasta - Cheese / Spinach Bauletti,Ameliorated reciprocal emulation,310.56
Syrup - Chocolate,Exclusive disintermediate application,70.73
Higashimaru Usukuchi Soy,Fundamental directional conglomeration,23.28
Nantucket Apple Juice,Programmable discrete open system,420.14
Glass Clear 7 Oz Xl,Fully-configurable responsive collaboration,465.67
Curry Powder,User-centric needs-based internet solution,216.85
Tobasco Sauce,Horizontal zero tolerance encoding,292.17
Glaze - Clear,Decentralized 4th generation toolset,237.02
Fish - Bones,Synergized asymmetric projection,72.26
Bread - Pain Au Liat X12,Cross-group impactful internet solution,106.89
Anchovy Paste - 56 G Tube,Object-based zero administration open system,61.21
Buffalo - Striploin,Horizontal systematic archive,176.12
Wasabi Powder,Reduced discrete website,144.6
Pastry - Apple Muffins - Mini,Visionary human-resource definition,191.29
Coffee - 10oz Cup 92961,Right-sized 5th generation frame,488.81
Soup - Campbells Mushroom,Devolved 24/7 complexity,175.37
Glaze - Clear,Ameliorated user-facing adapter,228.38
Vinegar - White,Realigned responsive core,161.58
Eggplant - Asian,Re-engineered maximized info-mediaries,354.48
Orange Roughy 4/6 Oz,Visionary analyzing algorithm,493.98
"Lemonade - Mandarin, 591 Ml",Intuitive contextually-based open system,21.73
Energy Drink,Object-based zero tolerance frame,45.22
Banana,Total explicit process improvement,318.18
Sponge Cake Mix - Chocolate,Configurable motivating core,248.22
Croissants Thaw And Serve,User-friendly motivating definition,381.59
Bread - White Epi Baguette,Optimized background paradigm,421.75
"Pasta - Fett Alfredo, Single Serve",Quality-focused scalable project,66.84
Beef - Ground Medium,Grass-roots secondary matrices,408.1
Anisette - Mcguiness,Configurable bandwidth-monitored toolset,45.92
Liqueur - Melon,Down-sized dedicated local area network,340.57
Bread - Raisin Walnut Pull,Optimized well-modulated framework,376.09
"Pepper - Black, Crushed",Programmable high-level approach,81.81
"Sauce - Apple, Unsweetened",Cloned intermediate complexity,25.71
Vinegar - Champagne,Progressive object-oriented capability,61.23
Bouq All Italian - Primerba,Streamlined 24 hour methodology,105.74
Compound - Orange,Down-sized 24 hour local area network,86.29
Bacardi Breezer - Strawberry,Total non-volatile interface,255.78
Salt - Kosher,Advanced responsive time-frame,18.99
Curry Paste - Green Masala,Re-contextualized 6th generation knowledge user,422.0
Dates,Polarised intangible capacity,403.48
"Tendrils - Baby Pea, Organic",Optional well-modulated alliance,125.55
Ice Cream Bar - Rolo Cone,Universal fresh-thinking portal,431.02
Island Oasis - Strawberry,Sharable fault-tolerant extranet,263.42
Magnotta Bel Paese Red,Multi-tiered didactic groupware,426.85
Longos - Greek Salad,Cloned multi-tasking project,156.06
Sugar - Cubes,Phased mobile website,269.12
Yeast Dry - Fleischman,Centralized upward-trending ability,446.86
Longan,Optional bottom-line system engine,76.09
Bread - Onion Focaccia,Organized composite attitude,445.46
Lid Coffee Cup 8oz Blk,User-friendly systematic extranet,255.88
Nantucket Orange Juice,Mandatory static customer loyalty,247.17
Tofu - Soft,Robust dynamic contingency,167.87
Pork - Ground,Re-engineered 6th generation website,187.76
Foil - Round Foil,Realigned reciprocal access,312.04
"Tart Shells - Savory, 2",Monitored 6th generation attitude,96.45
"Halibut - Whole, Fresh",Reactive mission-critical artificial intelligence,257.1
Zucchini - Green,Networked secondary algorithm,116.59
"Coconut - Shredded, Sweet",Expanded solution-oriented strategy,311.58
Flower - Potmums,Synergized logistical parallelism,92.62
Pur Value,Compatible even-keeled customer loyalty,430.11
Beans - Fine,Front-line scalable artificial intelligence,288.52
Garlic - Elephant,Seamless disintermediate complexity,365.39
Vol Au Vents,Total foreground Graphical User Interface,185.36
"Cake Circle, Paprus",Total static installation,363.52
"Soup - Campbells, Chix Gumbo",Grass-roots dynamic neural-net,388.82
"Quail - Eggs, Fresh",Compatible full-range paradigm,373.45
Cookie Dough - Peanut Butter,Optional foreground open architecture,490.26
Temperature Recording Station,Multi-lateral zero administration array,417.06
"Trout - Rainbow, Fresh",Total discrete algorithm,467.75
Steampan Lid,Synergistic dedicated approach,384.65
Wine - Ej Gallo Sierra Valley,Ergonomic analyzing firmware,472.59
Salt - Kosher,Grass-roots solution-oriented extranet,141.76
Cheese - Shred Cheddar / Mozza,Centralized zero tolerance service-desk,196.31
Syrup - Monin - Blue Curacao,Polarised didactic portal,423.32
Breadfruit,Open-architected explicit encryption,21.28
Tea - Herbal Sweet Dreams,Optimized zero administration toolset,208.44
Grouper - Fresh,Mandatory 24/7 info-mediaries,488.9
Sprouts - Corn,Organized transitional methodology,185.77
Chocolate - Mi - Amere Semi,Synergistic tangible matrices,356.43
Port - 74 Brights,Right-sized scalable toolset,360.64
Salad Dressing,Object-based 24/7 time-frame,102.1
"Beef - Roasted, Cooked",Cloned 5th generation installation,290.74
Fuji Apples,Fully-configurable value-added protocol,303.69
"Arctic Char - Fresh, Whole",Multi-channelled maximized interface,61.6
Fish - Bones,Implemented composite groupware,90.72
Wine - Malbec Trapiche Reserve,Quality-focused needs-based hub,429.37
Apple - Granny Smith,Cloned incremental ability,259.9
Melon - Honey Dew,Multi-layered executive collaboration,462.73
Ecolab - Hobart Upr Prewash Arm,Streamlined non-volatile framework,16.09
Figs,Customer-focused uniform moratorium,113.82
Cabbage - Nappa,Adaptive upward-trending monitoring,60.62
Chef Hat 25cm,Enhanced non-volatile monitoring,323.32
Sausage - Liver,Multi-channelled composite artificial intelligence,250.34
Grenadillo,Face to face bandwidth-monitored application,342.15
"Quail - Whole, Boneless",Horizontal radical conglomeration,387.36
Milk - Buttermilk,Optional bottom-line projection,71.35
Turkey - Ground. Lean,Optimized heuristic hierarchy,203.92
"Olives - Green, Pitted",Optional stable moratorium,22.69
Chocolate - Semi Sweet,Enhanced user-facing info-mediaries,3.36
Chinese Foods - Cantonese,Multi-tiered static core,88.4
Fuji Apples,Secured responsive forecast,435.8
"Tomatoes - Cherry, Yellow",Compatible static circuit,71.4
Potatoes - Idaho 80 Count,Diverse even-keeled matrix,89.05
Lobak,Adaptive eco-centric methodology,449.66
Spice - Greek 1 Step,Public-key intangible conglomeration,390.27
"Chocolate - Pistoles, White",Assimilated bottom-line definition,187.29
Chocolate Eclairs,Function-based 4th generation strategy,234.61
Plaintain,Cross-group multimedia adapter,20.31
Beer - Sleemans Cream Ale,Reverse-engineered incremental info-mediaries,143.71
Spice - Greek 1 Step,User-centric bandwidth-monitored Graphical User Interface,280.23
Cheese - Swiss,Customer-focused high-level local area network,193.58
Grapefruit - Pink,Progressive holistic process improvement,141.72
Onions - Cippolini,Future-proofed bi-directional methodology,7.38
Wine - Sake,Front-line even-keeled collaboration,455.77
Lamb - Bones,Synergized tangible open architecture,186.53
Durian Fruit,Total secondary neural-net,469.9
"Wine - Red, Pelee Island Merlot",Focused analyzing infrastructure,364.83
Mussels - Frozen,Triple-buffered asymmetric throughput,418.36
Five Alive Citrus,Multi-lateral multi-tasking superstructure,32.74
Artichokes - Jerusalem,Phased optimizing strategy,378.71
Crawfish,Exclusive systematic middleware,425.87
Wine - Chateauneuf Du Pape,Synergized tangible protocol,484.65
Wine - Vidal Icewine Magnotta,Cross-group heuristic analyzer,213.39
Beer - Maudite,Profit-focused logistical application,150.07
Juice - Apple Cider,Profound analyzing model,146.89
Durian Fruit,Proactive analyzing benchmark,371.48
Pepper - Chilli Seeds Mild,Managed analyzing emulation,199.31
Bread - White Mini Epi,Operative 3rd generation synergy,402.66
Flour - Bread,Persistent dedicated intranet,324.16
Sugar - White Packet,Horizontal holistic collaboration,112.42
Cleaner - Pine Sol,Adaptive human-resource implementation,421.72
Wonton Wrappers,De-engineered reciprocal strategy,230.73
Maintenance Removal Charge,Profound composite artificial intelligence,328.36
Cream Of Tartar,Vision-oriented zero defect leverage,45.26
Marzipan 50/50,Re-contextualized local algorithm,374.05
"Pineapple - Canned, Rings",Polarised regional moderator,357.26
Scallops - Live In Shell,Ameliorated background complexity,49.97
Yams,Self-enabling upward-trending knowledge user,204.59
Bread - Bistro Sour,Extended responsive framework,26.98
"Soup - Knorr, Chicken Gumbo",Mandatory actuating analyzer,268.42
Gatorade - Cool Blue Raspberry,Exclusive bottom-line framework,414.85
Pepper - Red Bell,Switchable interactive neural-net,87.99
Flour - Cake,Configurable human-resource system engine,204.2
"Pork - Bacon,back Peameal",Multi-lateral zero defect algorithm,91.1
Miso - Soy Bean Paste,Organic neutral capability,214.89
Wine - Chablis 2003 Champs,Total web-enabled pricing structure,333.99
Cleaner - Lime Away,User-centric 24/7 info-mediaries,436.38
Beer - Rickards Red,Fully-configurable radical solution,105.78
French Pastry - Mini Chocolate,Focused directional alliance,447.51
Mackerel Whole Fresh,Networked systemic initiative,340.13
Pepper - Scotch Bonnet,Future-proofed non-volatile workforce,79.44
Sobe - Green Tea,Multi-lateral executive productivity,122.97
"Rum - Dark, Bacardi, Black",Proactive systemic frame,451.33
"Napkin - Beverge, White 2 - Ply",Fundamental real-time solution,163.28
"Lobster - Tail, 3 - 4 Oz",Switchable local matrix,481.37
Appetizer - Seafood Assortment,Future-proofed next generation orchestration,203.6
Beer - Blue Light,Public-key local knowledge user,234.21
Madeira,Profit-focused executive task-force,151.84
Muffin - Mix - Strawberry Rhubarb,Realigned homogeneous budgetary management,166.04
Jello - Assorted,Up-sized clear-thinking process improvement,368.0
Spice - Peppercorn Melange,Function-based bi-directional complexity,175.21
Beef - Shank,Cloned next generation flexibility,146.98
Lady Fingers,Open-source optimal portal,133.0
Yogurt - French Vanilla,Right-sized needs-based process improvement,172.08
Wine - Chateauneuf Du Pape,Grass-roots cohesive moratorium,306.61
"Wine - White, Pinot Grigio",Cloned analyzing portal,411.76
Napkin Colour,Decentralized content-based encryption,463.86
Energy Drink Bawls,Cross-group asynchronous application,254.05
Venison - Striploin,Horizontal cohesive neural-net,10.41
Appetizer - Tarragon Chicken,Organic systemic secured line,414.49
Bacardi Mojito,Managed cohesive ability,232.65
Lettuce - Escarole,Open-architected actuating knowledge base,39.84
Pie Filling - Apple,Enhanced intermediate knowledge base,4.08
Rhubarb,Reactive hybrid toolset,65.34
"Oranges - Navel, 72",Diverse global collaboration,491.1
Yeast Dry - Fermipan,Future-proofed asymmetric website,366.32
Pate - Peppercorn,Self-enabling composite utilisation,372.03
Cake - Lemon Chiffon,Public-key zero defect hardware,271.78
Juice - Propel Sport,De-engineered dynamic strategy,180.17
Okra,Multi-layered bandwidth-monitored encryption,302.18
Pastry - Raisin Muffin - Mini,Future-proofed static portal,101.17
Radish - Pickled,Integrated optimal adapter,8.67
Cabbage - Savoy,Synergized asymmetric migration,108.44
Soup Campbells Mexicali Tortilla,Exclusive transitional architecture,341.85
Beans - Yellow,Diverse scalable structure,276.1
Goldschalger,Proactive bottom-line secured line,455.23
Kaffir Lime Leaves,Devolved asynchronous functionalities,349.81
Sauce - Mint,Grass-roots value-added website,420.32
Wine - Touraine Azay - Le - Rideau,Optimized 5th generation synergy,355.23
Coffee - Flavoured,Switchable zero administration project,123.52
Bar Nature Valley,Customer-focused bottom-line algorithm,317.39
Red Cod Fillets - 225g,Organic holistic groupware,258.15
Bread - Italian Roll With Herbs,Synchronised background contingency,387.08
Nori Sea Weed,Monitored full-range groupware,364.57
Coffee - Decaffeinato Coffee,Open-architected directional hardware,319.11
Cheese - Wine,Self-enabling even-keeled encryption,292.54
Cheese - Montery Jack,Future-proofed optimal array,50.64
Alize Sunset,Operative system-worthy collaboration,190.38
Anisette - Mcguiness,Ameliorated background matrices,399.24
Pork Salted Bellies,Self-enabling client-driven portal,338.06
Wine - Acient Coast Caberne,Cross-group well-modulated policy,281.95
Tea - Lemon Scented,Profit-focused eco-centric access,431.33
"Veal - Insides, Grains",Progressive asynchronous superstructure,26.56
Pomello,Distributed non-volatile analyzer,49.16
Veal - Ground,Upgradable 24/7 open system,452.02
Gingerale - Diet - Schweppes,Team-oriented bi-directional standardization,206.96
Flour - Bread,Function-based local task-force,212.75
Wine - Penfolds Koonuga Hill,De-engineered analyzing Graphical User Interface,75.74
"Soda Water - Club Soda, 355 Ml",Inverse tangible forecast,209.93
Table Cloth 62x120 White,Assimilated real-time frame,127.71
"Water - Spring Water, 355 Ml",Open-architected composite knowledge user,456.49
Bagel - Everything Presliced,Programmable content-based support,39.31
"Wine - Red, Antinori Santa",Programmable 24/7 neural-net,141.68
Pail For Lid 1537,User-centric 24 hour neural-net,232.4
Smoked Tongue,Diverse maximized protocol,284.71
Sprouts - Pea,Team-oriented actuating website,83.09
Lemon Grass,Configurable national access,154.45
Pastry - Carrot Muffin - Mini,Optimized upward-trending methodology,233.13
Muffin - Mix - Bran And Maple 15l,Extended background installation,274.51
Cranberries - Fresh,Compatible directional standardization,326.64
Chick Peas - Dried,Multi-layered multimedia system engine,398.19
Pastry - Cheese Baked Scones,Cloned even-keeled policy,280.45
Mini - Vol Au Vents,Business-focused optimal website,14.88
Chickensplit Half,Innovative background interface,401.62
Pineapple - Regular,Organized leading edge intranet,101.25
Huck Towels White,Exclusive local hardware,173.39
"Wine - Harrow Estates, Vidal",Automated systematic support,402.62
Mayonnaise - Individual Pkg,Optional zero administration internet solution,440.02
Smoked Tongue,Switchable fresh-thinking emulation,229.49
Olive - Spread Tapenade,Operative hybrid strategy,99.5
Calypso - Strawberry Lemonade,Proactive background function,166.65
"Pork - Butt, Boneless",Cross-platform tertiary methodology,333.85
Potato - Sweet,Pre-emptive context-sensitive data-warehouse,12.55
Sausage - Meat,Business-focused optimal superstructure,87.22
Sausage - Blood Pudding,Synchronised dedicated info-mediaries,283.22
Beer - Sleeman Fine Porter,Proactive object-oriented moderator,180.77
Cleaner - Lime Away,Versatile analyzing application,16.45
Banana - Leaves,Ergonomic real-time budgetary management,141.71
Potatoes - Mini Red,Self-enabling uniform software,10.44
Bagel - Everything,Streamlined interactive neural-net,15.87
"Wine - White, Colubia Cresh",Operative logistical productivity,330.93
Gloves - Goldtouch Disposable,Profound zero administration system engine,342.77
"Sugar - Brown, Individual",Synchronised solution-oriented infrastructure,271.51
Savory,Phased tertiary adapter,157.06
Cranberries - Fresh,Devolved transitional solution,348.22
Nantucket - Carrot Orange,Future-proofed analyzing structure,369.23
Shrimp - Black Tiger 8 - 12,Public-key stable encoding,6.48
Bay Leaf,Networked zero tolerance service-desk,394.32
Muffin - Blueberry Individual,Implemented upward-trending database,299.88
"Beef - Roasted, Cooked",Monitored multimedia synergy,274.2
Tea Leaves - Oolong,Compatible systematic success,481.9
Wine - Chianti Classica Docg,Secured neutral Graphical User Interface,442.73
Pears - Fiorelle,Inverse high-level product,241.99
Venison - Denver Leg Boneless,Networked multi-state instruction set,188.25
Flour - Strong,Adaptive bi-directional throughput,175.86
"Appetizer - Spring Roll, Veg",Monitored next generation alliance,90.03
Juice - Propel Sport,Public-key optimizing standardization,2.16
"Ice - Clear, 300 Lb For Carving",Optimized client-driven collaboration,387.7
Wine - Alsace Riesling Reserve,Extended user-facing moderator,246.5
Plastic Wrap,Optimized asymmetric complexity,422.49
Wine - Tribal Sauvignon,Inverse motivating superstructure,314.15
Mangostein,Up-sized local circuit,402.81
Urban Zen Drinks,Open-architected demand-driven moratorium,83.04
Pork - Backfat,Networked bandwidth-monitored function,325.16
Cabbage - Red,Horizontal intermediate software,335.28
Beef - Top Sirloin - Aaa,Managed content-based framework,377.16
"Crush - Grape, 355 Ml",Automated contextually-based internet solution,431.84
Mahi Mahi,Stand-alone 24/7 leverage,380.55
Squid U5 - Thailand,Customizable uniform access,317.75
Lobster - Cooked,Digitized didactic open system,457.28
Scotch - Queen Anne,Streamlined multimedia adapter,99.12
Beef Ground Medium,Front-line multi-tasking approach,403.52
Milk - Chocolate 250 Ml,Open-source intangible implementation,31.98
Wine - Shiraz South Eastern,Assimilated user-facing contingency,415.59
Sardines,Networked incremental help-desk,292.88
Sugar - Individual Portions,Synergistic mobile attitude,389.67
Wine - Alsace Gewurztraminer,Function-based 24/7 solution,359.91
Appetiser - Bought,Assimilated scalable projection,435.1
Wine - Malbec Trapiche Reserve,Multi-lateral full-range info-mediaries,383.48
Muffin Mix - Lemon Cranberry,Sharable high-level application,400.67
Amaretto,Sharable uniform pricing structure,89.8
Bread - Pumpernickel,Multi-channelled disintermediate application,242.15
Tea - Green,Synergized cohesive superstructure,352.43
Ice Cream - Life Savers,Re-contextualized grid-enabled open system,14.0
Marzipan 50/50,Progressive empowering hierarchy,195.55
Sherbet - Raspberry,Persistent multi-tasking hardware,311.67
Towel - Roll White,Self-enabling responsive monitoring,263.11
Cake - Miini Cheesecake Cherry,Enterprise-wide human-resource algorithm,258.11
"Beef - Ground, Extra Lean, Fresh",Profit-focused heuristic function,458.18
V8 Pet,Phased stable capability,16.61
Longos - Assorted Sandwich,Exclusive global budgetary management,45.45
Bacardi Raspberry,Synchronised grid-enabled matrix,164.73
"Stock - Chicken, White",Ameliorated local framework,72.49
Leeks - Large,Advanced impactful structure,280.88
Wine - Spumante Bambino White,Ameliorated eco-centric support,494.62
"Beer - Alexander Kieths, Pale Ale",Right-sized bandwidth-monitored database,488.94
Whmis Spray Bottle Graduated,Assimilated zero administration framework,440.39
"Yogurt - Cherry, 175 Gr",Decentralized demand-driven internet solution,258.38
Beer - Sleemans Cream Ale,Multi-channelled scalable success,318.8
Pie Filling - Apple,Up-sized fault-tolerant alliance,315.05
Ostrich - Prime Cut,Profound fresh-thinking local area network,273.89
Flour - So Mix Cake White,Focused secondary parallelism,81.99
"Chicken - Leg, Boneless",Visionary object-oriented extranet,207.15
Banana Turning,Exclusive coherent internet solution,435.7
Beef - Tenderloin - Aa,Grass-roots local structure,296.49
Container - Clear 16 Oz,Multi-lateral real-time utilisation,420.94
Cheese - Parmesan Cubes,Customer-focused logistical function,381.15
Yukon Jack,Right-sized 3rd generation structure,200.82
Sansho Powder,Triple-buffered asymmetric process improvement,342.44
Remy Red,Function-based transitional capacity,300.77
Pastry - Lemon Danish - Mini,Open-architected executive projection,74.36
Veal - Kidney,Decentralized human-resource task-force,175.63
Dill Weed - Fresh,Secured mobile adapter,488.05
Pastry - Chocolate Chip Muffin,Universal explicit toolset,81.38
Vector Energy Bar,Progressive impactful benchmark,34.4
Cookie Double Choco,User-centric heuristic service-desk,323.32
Plums - Red,Pre-emptive systemic throughput,202.55
Steel Wool,Team-oriented asymmetric groupware,372.16
Milk - 2%,Advanced mobile circuit,144.96
Kohlrabi,Secured logistical initiative,267.57
Wonton Wrappers,Upgradable client-server service-desk,137.96
Towel Dispenser,Open-source zero administration intranet,7.19
Turnip - Mini,User-centric context-sensitive Graphical User Interface,121.26
Cheese - Shred Cheddar / Mozza,Decentralized dedicated protocol,212.64
Curry Powder,Multi-channelled modular neural-net,66.79
Sage - Fresh,Switchable clear-thinking contingency,306.3
Chocolate - Semi Sweet,Mandatory zero tolerance groupware,337.66
Chicken - Base,Reactive static archive,357.86
Okra,Reduced bandwidth-monitored framework,58.88
Godiva White Chocolate,Team-oriented next generation hierarchy,457.24
"Tabasco Sauce, 2 Oz",Persistent cohesive capacity,256.84
Muffin Batt - Ban Dream Zero,Centralized maximized algorithm,433.28
Corn Kernels - Frozen,Diverse global architecture,6.6
Five Alive Citrus,Mandatory static parallelism,298.44
Wine - Conde De Valdemar,Phased intangible knowledge user,200.98
Cleaner - Pine Sol,De-engineered 5th generation encryption,362.51
"Cheese - Havarti, Roasted Garlic",Inverse dynamic functionalities,73.64
Lemonade - Pineapple Passion,Digitized scalable paradigm,254.77
Chicken - Wieners,Organized regional policy,57.69
Marzipan 50/50,Right-sized clear-thinking circuit,440.9
Chip - Potato Dill Pickle,Public-key client-server budgetary management,487.22
"Cake Circle, Foil, Scallop",Proactive clear-thinking architecture,280.32
Sauce - Oyster,Realigned systemic solution,101.03
Pastry - Butterscotch Baked,User-centric well-modulated software,368.25
Pork - Ham Hocks - Smoked,Synergistic radical architecture,138.66
Chips - Assorted,Horizontal exuding collaboration,213.37
Rolled Oats,Robust coherent encryption,10.91
Wine - Segura Viudas Aria Brut,Optimized fault-tolerant local area network,20.74
Grand Marnier,Customizable 4th generation installation,239.3
Island Oasis - Magarita Mix,Business-focused leading edge pricing structure,259.79
Baking Powder,Optimized composite orchestration,256.1
"Shrimp - Baby, Warm Water",Grass-roots multi-state encoding,151.76
Fond - Chocolate,Reverse-engineered dynamic instruction set,49.83
Nori Sea Weed,Intuitive encompassing groupware,218.32
Foam Cup 6 Oz,Multi-layered multimedia policy,376.33
Beer - True North Lager,Up-sized cohesive interface,283.24
Beans - Butter Lrg Lima,Right-sized tertiary open system,253.17
Potatoes - Mini White 3 Oz,Profound content-based attitude,42.46
Grouper - Fresh,Fully-configurable scalable projection,108.59
Milk - 1%,Enhanced tangible knowledge user,485.03
Cup - 8oz Coffee Perforated,Adaptive tangible support,94.14
Coffee - Decaffeinato Coffee,Monitored system-worthy time-frame,6.35
"Pepper - Black, Crushed",Up-sized object-oriented projection,309.89
Cinnamon - Stick,Programmable neutral function,146.79
Sauce - Alfredo,Mandatory zero administration portal,73.51
"Soup - Knorr, Country Bean",Re-contextualized next generation projection,298.9
Wine - Black Tower Qr,De-engineered interactive protocol,391.51
Pastry - Chocolate Marble Tea,Versatile system-worthy interface,50.68
"Yogurt - Raspberry, 175 Gr",Automated composite system engine,456.73
Spice - Onion Powder Granulated,Compatible hybrid middleware,481.53
Chambord Royal,Profit-focused multimedia moderator,480.31
Potatoes - Mini Red,Organized bi-directional hardware,392.53
Beets - Golden,Implemented zero defect ability,373.51
"Soup - Campbells, Classic Chix",Implemented coherent matrix,254.53
Table Cloth - 53x69 Colour,Integrated didactic website,212.81
"Fish - Scallops, Cold Smoked",User-centric full-range leverage,198.33
Shrimp - Black Tiger 16/20,Pre-emptive eco-centric strategy,190.35
Beans - Fava Fresh,Enhanced real-time algorithm,285.12
"Lamb - Pieces, Diced",Organized 24 hour process improvement,45.2
"Beef - Bones, Marrow",Optimized multi-tasking intranet,442.14
Savory,Integrated analyzing migration,56.94
Venison - Liver,Assimilated client-server initiative,459.94
Wine - Duboeuf Beaujolais,Devolved value-added info-mediaries,293.88
Mini - Vol Au Vents,Fully-configurable composite frame,112.43
Carroway Seed,Versatile directional attitude,475.4
Muffin Orange Individual,Digitized dedicated interface,350.3
Cup - 4oz Translucent,Operative multi-tasking application,202.1
"Sauce - Black Current, Dry Mix",Monitored optimal instruction set,274.99
Wine La Vielle Ferme Cote Du,Organic demand-driven help-desk,283.06
Cream - 35%,Distributed transitional flexibility,458.19
Bagelers - Cinn / Brown,Universal upward-trending protocol,267.53
Gloves - Goldtouch Disposable,Reverse-engineered foreground throughput,475.36
Tea - Herbal - 6 Asst,Multi-layered explicit artificial intelligence,493.34
Garbage Bags - Black,Upgradable incremental framework,358.88
Lettuce - Iceberg,Fully-configurable exuding migration,348.86
"Pasta - Penne Primavera, Single",Polarised bottom-line artificial intelligence,207.73
Chivas Regal - 12 Year Old,Object-based transitional adapter,374.08
Orange - Tangerine,Function-based local moderator,311.84
Dr. Pepper - 355ml,Team-oriented content-based info-mediaries,486.14
Bulgar,Ergonomic global orchestration,128.35
"Potatoes - Purple, Organic",Front-line background pricing structure,459.35
Steampan Lid,Ergonomic 24 hour policy,5.48
Calypso - Lemonade,Reduced composite encryption,429.32
Yucca,Open-source value-added encoding,289.49
Mcguinness - Blue Curacao,Customizable national service-desk,162.83
Celery,Innovative bottom-line installation,386.21
Cookie Dough - Peanut Butter,Synchronised zero defect middleware,7.25
"Turkey - Breast, Smoked",Fundamental neutral standardization,444.08
Samosa - Veg,Vision-oriented regional Graphic Interface,252.38
Puree - Strawberry,Diverse local policy,234.11
Vinegar - Tarragon,Upgradable disintermediate approach,339.71
"Mushroom - Enoki, Dry",Expanded 24/7 groupware,85.32
Wine - Kwv Chenin Blanc South,Fully-configurable tertiary core,9.67
Chocolate - Milk Coating,Persevering zero administration approach,425.43
Lettuce - Radicchio,Assimilated executive process improvement,108.51
Spice - Pepper Portions,Object-based asynchronous archive,62.54
"Pasta - Tortellini, Fresh",Configurable even-keeled collaboration,451.83
Dill Weed - Dry,De-engineered well-modulated collaboration,439.68
Water - Green Tea Refresher,Grass-roots logistical matrix,144.68
Muffin Batt - Carrot Spice,Networked eco-centric firmware,396.95
Vinegar - Cider,User-friendly demand-driven frame,304.11
"Beef - Ox Tail, Frozen",Multi-channelled 5th generation Graphical User Interface,135.29
Flavouring - Raspberry,Secured foreground circuit,435.3
Clams - Canned,Implemented transitional website,465.66
"Jam - Strawberry, 20 Ml Jar",Sharable multi-tasking task-force,355.9
Cookie - Oreo 100x2,Organic zero tolerance policy,489.95
Jagermeister,Synergized mission-critical circuit,409.28
Curry Powder,Open-source executive protocol,298.99
Veal - Insides Provini,Re-contextualized attitude-oriented emulation,290.23
Sauce - Demi Glace,De-engineered tangible monitoring,237.1
"Napkin - Cocktail,beige 2 - Ply",Open-source reciprocal encryption,489.3
Wine La Vielle Ferme Cote Du,Compatible mission-critical moderator,21.22
Olives - Morracan Dired,Decentralized well-modulated database,156.72
Appetizer - Mushroom Tart,Innovative exuding hub,282.62
Chinese Lemon Pork,Assimilated foreground website,285.57
Bread - Sour Batard,Secured secondary moratorium,286.3
Lettuce - Baby Salad Greens,Mandatory bifurcated database,405.11
Cheese - Mix,User-centric high-level local area network,394.39
Lime Cordial - Roses,Intuitive eco-centric throughput,207.92
Piping - Bags Quizna,Universal impactful encoding,375.5
Sansho Powder,Multi-channelled contextually-based algorithm,148.14
"Tortillas - Flour, 8",Proactive grid-enabled database,272.47
Pumpkin,Monitored 6th generation customer loyalty,258.05
"Stock - Beef, Brown",Streamlined leading edge application,20.74
Sponge Cake Mix - Vanilla,Centralized even-keeled archive,342.93
Steampan - Half Size Shallow,Digitized grid-enabled hub,326.51
Waffle Stix,Inverse explicit throughput,10.61
"Oil - Food, Lacquer Spray",Function-based value-added moderator,324.85
"Bread - Crumbs, Bulk",Synergistic encompassing analyzer,222.54
Munchies Honey Sweet Trail Mix,Profound bandwidth-monitored neural-net,268.32
"Lentils - Green, Dry",User-centric system-worthy success,308.85
Clams - Canned,Quality-focused system-worthy task-force,239.23
Wine - Domaine Boyar Royal,Digitized dedicated neural-net,283.66
"Cod - Salted, Boneless",Distributed web-enabled implementation,343.33
Wine - Fino Tio Pepe Gonzalez,Distributed global productivity,293.39
Soho Lychee Liqueur,Realigned contextually-based secured line,482.66
Wine - Alicanca Vinho Verde,Triple-buffered disintermediate access,85.83
Napkin White,Managed multi-state instruction set,9.0
Muffin - Mix - Bran And Maple 15l,Advanced multi-state installation,355.71
Chinese Foods - Pepper Beef,Virtual multi-state benchmark,303.7
Butcher Twine 4r,Customizable analyzing synergy,162.39
Pork - Ground,Reactive executive algorithm,427.52
Lamb Tenderloin Nz Fr,Proactive mobile process improvement,479.36
Rice - Wild,Fundamental optimal flexibility,405.1
Chocolate - Sugar Free Semi Choc,Open-architected real-time forecast,390.53
Muffin Hinge 117n,Reduced coherent throughput,372.06
Lamb Tenderloin Nz Fr,Customer-focused content-based open system,130.0
Blueberries - Frozen,Future-proofed system-worthy time-frame,68.25
Broom - Push,Implemented asynchronous implementation,299.05
Swiss Chard,Optional composite function,274.86
Coffee - Flavoured,Sharable reciprocal superstructure,121.26
Island Oasis - Pina Colada,Centralized 24 hour capability,356.91
Extract - Lemon,Face to face bifurcated projection,123.85
Cleaner - Bleach,Proactive neutral flexibility,410.18
Longos - Grilled Chicken With,Reverse-engineered 3rd generation hub,185.54
Potatoes - Idaho 80 Count,Public-key coherent collaboration,88.65
"Veal - Brisket, Provimi,bnls",Function-based intangible collaboration,5.51
Cognac - Courvaisier,Monitored maximized budgetary management,403.7
"Asparagus - White, Fresh",Profit-focused intangible definition,437.68
Fond - Neutral,Self-enabling explicit firmware,495.22
Butter - Salted,Enterprise-wide foreground interface,111.71
"Soup - Beef Conomme, Dry",Expanded demand-driven orchestration,393.15
Ocean Spray - Ruby Red,Persistent even-keeled flexibility,185.83
Pie Shells 10,Function-based 4th generation service-desk,242.34
Soup V8 Roasted Red Pepper,Enterprise-wide systemic approach,271.29
Breadfruit,Reverse-engineered mission-critical parallelism,487.87
Beef Wellington,Synergistic responsive implementation,111.03
Wine - Tribal Sauvignon,Programmable incremental secured line,9.32
Chinese Foods - Chicken,Sharable systematic interface,112.98
Wine - Cava Aria Estate Brut,Customizable motivating local area network,45.02
Cookie Dough - Chunky,Polarised foreground success,434.41
"Split Peas - Yellow, Dry",Business-focused asynchronous info-mediaries,238.11
"Lamb - Pieces, Diced",Organic holistic local area network,79.85
Ice Cream Bar - Rolo Cone,Function-based static infrastructure,49.18
Urban Zen Drinks,Future-proofed hybrid functionalities,193.27
Tomatoes - Roma,Organic even-keeled process improvement,338.68
Muffin Batt - Carrot Spice,Reverse-engineered clear-thinking product,168.41
Nacho Chips,Managed 24 hour moratorium,183.18
"Wine - Harrow Estates, Vidal",Total local solution,128.6
Ice Cream Bar - Rolo Cone,User-centric responsive project,359.86
Ice Cream Bar - Oreo Sandwich,Future-proofed holistic knowledge base,170.97
Bread - 10 Grain Parisian,Optimized zero defect concept,462.64
Bar Mix - Lemon,Enterprise-wide optimizing instruction set,118.06
Pastry - Chocolate Marble Tea,Decentralized 24/7 pricing structure,301.09
Shrimp - 100 / 200 Cold Water,Programmable directional local area network,372.53
Muffin Mix - Blueberry,Configurable analyzing access,335.09
Wine - Champagne Brut Veuve,Multi-tiered background challenge,175.59
Sugar - Brown,Exclusive responsive workforce,456.71
"Cherries - Bing, Canned",Re-engineered multi-tasking definition,8.6
Cheese - Stilton,Organized contextually-based attitude,28.54
"Jam - Strawberry, 20 Ml Jar",Front-line neutral access,160.37
Oil - Safflower,De-engineered mission-critical firmware,323.64
Green Scrubbie Pad H.duty,Compatible content-based neural-net,400.79
Onions - Pearl,Virtual directional system engine,199.18
Juice - Cranberry 284ml,Reactive heuristic paradigm,158.77
Chicken - Livers,Cross-group empowering matrix,436.29
Cranberry Foccacia,Re-contextualized mobile application,211.29
Bag Stand,Intuitive systematic installation,70.6
Sauce - Hp,Digitized high-level challenge,479.91
Mustard - Individual Pkg,Fully-configurable upward-trending internet solution,111.56
Sauce - Hp,Networked composite contingency,470.52
Squid U5 - Thailand,Versatile solution-oriented core,151.06
"Tea - Darjeeling, Azzura",Intuitive eco-centric software,287.78
"Club Soda - Schweppes, 355 Ml",User-friendly cohesive flexibility,50.85
Kellogs Cereal In A Cup,Cloned bi-directional concept,77.04
"Lamb - Leg, Boneless",Innovative radical analyzer,323.77
Nacho Chips,Seamless system-worthy website,352.95
Nantucket - 518ml,Team-oriented tangible strategy,39.01
"Appetizer - Spring Roll, Veg",Streamlined directional paradigm,49.02
Hot Chocolate - Individual,Optional leading edge migration,288.33
"Lamb - Loin, Trimmed, Boneless",Persistent client-server contingency,273.8
"Pepper - White, Whole",Up-sized holistic synergy,221.1
Parsley - Dried,Compatible methodical portal,323.1
Cognac - Courvaisier,Customizable zero defect alliance,81.6
Bananas,Adaptive bottom-line forecast,230.66
Sauce - Roasted Red Pepper,Progressive multimedia monitoring,53.02
"Veal - Brisket, Provimi,bnls",Configurable empowering migration,101.54
Couscous,Quality-focused contextually-based hierarchy,262.17
Lettuce - Romaine,Focused uniform analyzer,447.03
Salmon - Canned,Business-focused systematic concept,489.67
"Lettuce - Romaine, Heart",Multi-lateral zero administration projection,11.51
Amarula Cream,Exclusive executive neural-net,191.0
Alize Sunset,Realigned user-facing task-force,85.48
Jam - Raspberry,Customer-focused methodical policy,484.48
Chicken Giblets,Inverse eco-centric implementation,497.24
Fuji Apples,Intuitive tangible functionalities,319.19
Goldschalger,Diverse background infrastructure,483.22
Fork - Plastic,Automated bifurcated implementation,272.87
"Tart Shells - Barquettes, Savory",Realigned fault-tolerant adapter,483.3
Cheese - Mozzarella,Diverse homogeneous intranet,163.31
Bread Roll Foccacia,Configurable dynamic encryption,318.01
Chicken - White Meat With Tender,Enterprise-wide bi-directional hierarchy,194.66
Wine - Chianti Classico Riserva,Persistent zero administration adapter,499.86
Coffee Decaf Colombian,User-centric heuristic concept,185.05
Instant Coffee,Advanced scalable instruction set,20.27
Wine - Merlot Vina Carmen,Realigned contextually-based concept,256.5
Flour - Bread,Compatible well-modulated adapter,429.0
"Syrup - Monin, Irish Cream",Distributed maximized array,431.13
Onions Granulated,Intuitive directional parallelism,316.8
Yukon Jack,Streamlined composite neural-net,71.91
Scallops 60/80 Iqf,Multi-lateral heuristic implementation,251.42
Wine - Acient Coast Caberne,Seamless empowering leverage,290.86
Water - Green Tea Refresher,Total empowering complexity,474.07
Rambutan,Profit-focused background firmware,339.99
Pear - Prickly,Networked zero tolerance analyzer,74.95
Bar Special K,Optional client-server adapter,186.3
"Trout - Hot Smkd, Dbl Fillet",Progressive eco-centric definition,370.29
"Beans - Kidney, Red Dry",Secured context-sensitive capability,109.0
Onions - Red Pearl,Quality-focused background moderator,264.42
Ice Cream Bar - Hageen Daz To,Cloned even-keeled support,178.39
Wine - Jafflin Bourgongone,Diverse asymmetric definition,399.4
Pastry - Key Limepoppy Seed Tea,Fundamental bandwidth-monitored matrix,19.11
Pomello,Total full-range migration,125.39
Raisin - Golden,Optional intangible local area network,307.69
Steam Pan Full Lid,Business-focused holistic adapter,73.68
Flavouring - Rum,Automated discrete protocol,87.61
"Wine - Red, Gamay Noir",Advanced coherent toolset,185.88
Ice Cream - Vanilla,Fundamental intangible Graphical User Interface,65.34
Appetizer - Smoked Salmon / Dill,Fully-configurable heuristic methodology,145.58
Leeks - Large,Future-proofed user-facing throughput,141.28
"Pasta - Detalini, White, Fresh",Mandatory background open architecture,364.16
Mace Ground,Proactive mission-critical budgetary management,278.99
"Rum - White, Gg White",Programmable web-enabled budgetary management,294.05
Wine - Shiraz South Eastern,Phased clear-thinking project,36.63
Pepperoni Slices,Sharable 6th generation core,128.71
Green Tea Refresher,Advanced content-based moderator,90.02
Wine - Chablis J Moreau Et Fils,Reduced actuating firmware,378.2
"Salmon - Whole, 4 - 6 Pounds",Digitized impactful framework,303.3
Appetizer - Assorted Box,User-friendly even-keeled data-warehouse,415.03
Bouillion - Fish,Switchable leading edge time-frame,59.37
Compound - Mocha,Synchronised systemic complexity,66.71
General Purpose Trigger,Business-focused eco-centric internet solution,137.31
Wine - Champagne Brut Veuve,Extended zero administration hub,201.07
Steamers White,Persevering neutral Graphic Interface,451.59
Pastry - Cherry Danish - Mini,Quality-focused empowering knowledge user,347.13
Sauce - Sesame Thai Dressing,Persevering modular throughput,226.26
"Red Snapper - Fresh, Whole",Multi-channelled grid-enabled support,220.3
Clam Nectar,Mandatory tangible intranet,422.31
Vaccum Bag - 14x20,Focused explicit array,158.74
Pastry - Banana Tea Loaf,Open-source systemic benchmark,394.9
"Bread - Pullman, Sliced",Fully-configurable leading edge circuit,122.22
Bagel - Everything,Devolved non-volatile structure,155.01
Pork - Backfat,Streamlined 3rd generation database,219.98
Chevril,Automated zero administration instruction set,431.8
Nantucket Orange Juice,Down-sized well-modulated functionalities,92.41
"Salsify, Organic",Public-key neutral Graphic Interface,212.63
Icecream Bar - Del Monte,Up-sized global conglomeration,364.55
Jolt Cola - Red Eye,Fully-configurable cohesive alliance,178.57
Muffin Mix - Blueberry,Balanced neutral alliance,431.02
Grand Marnier,Decentralized needs-based hardware,428.24
Cornflakes,Centralized static data-warehouse,496.48
Crab Meat Claw Pasteurise,Open-source incremental knowledge user,263.17
Wine - Touraine Azay - Le - Rideau,Vision-oriented asymmetric application,292.16
Spaghetti Squash,Re-engineered zero tolerance groupware,127.52
Cookie Dough - Chunky,Pre-emptive user-facing conglomeration,355.39
"Clams - Littleneck, Whole",Enterprise-wide incremental array,42.41
Cognac - Courvaisier,Stand-alone 24/7 info-mediaries,389.83
Swordfish Loin Portions,Extended homogeneous product,490.37
Crackers - Melba Toast,Customer-focused bi-directional hub,247.94
Chocolate Eclairs,Innovative contextually-based installation,246.16
Marjoram - Fresh,Proactive next generation emulation,73.18
"Pork - Loin, Center Cut",Public-key multi-state solution,291.37
Chicken - Wieners,Cloned homogeneous local area network,221.58
Chocolate - White,Digitized client-server methodology,77.98
Ice Cream - Vanilla,Proactive static budgetary management,457.14
Cream - 35%,Re-contextualized leading edge function,58.88
"Mushroom - Porcini, Dry",Reactive heuristic artificial intelligence,60.44
Sugar - Individual Portions,Multi-layered zero administration extranet,260.6
Puree - Passion Fruit,Multi-channelled radical concept,413.09
Lettuce - Radicchio,Versatile zero administration function,219.42
Cocktail Napkin Blue,Digitized even-keeled installation,389.94
Beef - Tenderloin - Aa,Phased regional monitoring,475.3
Syrup - Chocolate,Multi-channelled discrete process improvement,450.88
"Bread - Roll, Canadian Dinner",Expanded analyzing throughput,217.4
Cookies - Englishbay Chochip,Re-engineered zero tolerance frame,58.81
Eggplant - Baby,Enhanced explicit conglomeration,466.91
Lemon Balm - Fresh,Profit-focused local methodology,396.02
"Pasta - Tortellini, Fresh",Re-contextualized leading edge initiative,304.44
Salt - Seasoned,Right-sized didactic array,214.72
Cheese - Mascarpone,Re-contextualized bottom-line challenge,269.41
Tamarind Paste,Upgradable bandwidth-monitored functionalities,252.72
Spice - Chili Powder Mexican,Profit-focused leading edge installation,364.48
"Garlic - Primerba, Paste",Universal object-oriented standardization,374.9
Rabbit - Legs,Switchable scalable strategy,304.96
Turnip - Wax,Versatile bifurcated parallelism,269.73
"Extract - Vanilla,artificial",Virtual asymmetric functionalities,450.02
Puree - Guava,Automated exuding flexibility,297.75
"Pasta - Lasagna Noodle, Frozen",Seamless next generation architecture,241.33
Magnotta Bel Paese Red,Secured heuristic paradigm,381.07
"Chicken - Diced, Cooked",Pre-emptive multi-state groupware,213.75
Bread - Italian Sesame Poly,Function-based local strategy,370.34
Versatainer Nc - 888,Enhanced foreground migration,47.21
Grenadine,Switchable grid-enabled structure,31.7
Tomatoes - Hot House,Expanded holistic utilisation,15.19
"Bread - Bagels, Mini",Extended zero administration project,235.22
Oil - Safflower,Reverse-engineered national conglomeration,27.43
Honey - Lavender,Cross-platform multi-state archive,293.3
Cheese - Ricotta,Up-sized dynamic middleware,132.5
Alize Sunset,Triple-buffered multimedia workforce,288.01
Dome Lid Clear P92008h,Realigned neutral synergy,419.01
Eggs - Extra Large,Intuitive encompassing hub,121.08
Olives - Nicoise,Intuitive tangible access,8.35
Steam Pan - Half Size Deep,Multi-tiered scalable moratorium,109.02
Appetizer - Mango Chevre,Total stable framework,103.6
Muffin - Zero Transfat,Operative maximized archive,191.58
Veal - Ground,Adaptive actuating attitude,113.97
"Lid - Translucent, 3.5 And 6 Oz",Centralized systematic model,213.99
"Placemat - Scallop, White",Sharable system-worthy software,326.36
"Cake Circle, Foil, Scallop",Down-sized bandwidth-monitored interface,299.19
Peppercorns - Green,Reduced radical neural-net,314.02
Wine - Sawmill Creek Autumn,Face to face client-server utilisation,122.71
Sobe - Orange Carrot,Open-source explicit frame,61.52
Table Cloth 90x90 Colour,Vision-oriented object-oriented benchmark,314.36
Tomatoes - Heirloom,Versatile fault-tolerant parallelism,481.31
Pasta - Agnolotti - Butternut,Innovative exuding database,39.16
Wine La Vielle Ferme Cote Du,Ameliorated impactful hardware,489.49
Sprouts - Pea,Realigned coherent middleware,388.67
Chocolate - Unsweetened,Triple-buffered object-oriented challenge,79.59
Ham - Virginia,Open-source intermediate structure,112.55
Steel Wool S.o.s,Open-architected upward-trending utilisation,165.64
Ice Cream Bar - Hageen Daz To,Customizable mission-critical moratorium,61.02
Milkettes - 2%,Switchable analyzing monitoring,7.74
Wine - Guy Sage Touraine,Assimilated human-resource open system,163.7
Bread - Raisin,Right-sized scalable frame,225.57
Wine - Pinot Noir Stoneleigh,Phased multi-state knowledge base,411.1
Hand Towel,Upgradable didactic architecture,209.51
Horseradish - Prepared,Streamlined zero defect core,350.72
Plasticknivesblack,Realigned zero administration moratorium,268.55
Water - Aquafina Vitamin,Grass-roots scalable flexibility,134.22
Rice - Basmati,Phased dynamic capacity,225.83
Chocolate - Semi Sweet,Reduced multimedia customer loyalty,429.95
Pails With Lids,Stand-alone 4th generation open system,230.35
Table Cloth 62x114 White,Switchable human-resource task-force,232.8
"Clams - Littleneck, Whole",Reverse-engineered optimizing help-desk,220.79
Magnotta Bel Paese Red,Multi-tiered global secured line,118.81
"Yogurt - Raspberry, 175 Gr",Exclusive background open architecture,481.61
"7up Diet, 355 Ml",Persistent directional protocol,463.93
Mustard - Individual Pkg,Right-sized cohesive encoding,414.36
Longos - Lasagna Veg,Multi-lateral regional help-desk,222.24
Amaretto,Expanded 4th generation concept,20.41
Filo Dough,Down-sized intermediate success,378.19
"Tortillas - Flour, 10",Diverse 4th generation solution,325.74
Oil - Avocado,Optional 6th generation product,68.03
Red Cod Fillets - 225g,Customer-focused needs-based protocol,102.38
Eggplant Oriental,Seamless transitional capacity,266.2
Grenadillo,Expanded stable moderator,248.02
"Mushroom - Morels, Dry",Team-oriented asynchronous model,443.05
"Soup - Canadian Pea, Dry Mix",Operative secondary benchmark,261.78
Madeira,Universal dedicated methodology,453.82
Tea - Lemon Green Tea,Business-focused homogeneous migration,434.46
