Id,Name,Type,Description,Price
1,Coffee - Frthy Coffee Crisp,Drinks,User-centric logistical algorithm,80.27
2,"Nut - Pistachio, Shelled",Components,Re-contextualized stable policy,291.29
3,"Wine - White, Gewurtzraminer",Drinks,Optional stable protocol,68.84
4,Sauce - Demi Glace,Drinks,Synergistic local initiative,20.98
5,Orange - Blood,Audio,Distributed motivating solution,242.25
6,Muffin Mix - Oatmeal,Audio,Public-key human-resource alliance,133.49
7,Lamb - Whole Head Off,Drinks,Triple-buffered zero administration structure,173.37
8,Transfer Sheets,Drinks,Synergistic tertiary matrices,309.03
9,Cheese - Parmesan Cubes,Drinks,Business-focused disintermediate concept,250.52
10,Pop Shoppe Cream Soda,Drinks,Customizable demand-driven leverage,112.04
11,Eggs - Extra Large,CD,Operative homogeneous hierarchy,260.88
12,Trueblue - Blueberry 12x473ml,Drinks,Open-architected cohesive hub,37.28
13,Rosemary - Fresh,Drinks,Switchable web-enabled portal,102.17
14,Flour - Strong,Drinks,Upgradable asynchronous internet solution,164.8
15,Tamarind Paste,Components,Virtual mobile groupware,285.07
16,Jam - Apricot,Drinks,Mandatory actuating structure,8.95
17,Dried Cranberries,Drinks,Cloned hybrid secured line,305.69
18,"Water, Tap",CD,Open-source disintermediate interface,145.66
19,Coffee - French Vanilla Frothy,Drinks,Optional background benchmark,94.01
20,Cookie Dough - Peanut Butter,Drinks,Synchronised leading edge intranet,134.48
21,Pickle - Dill,Components,Extended directional moratorium,242.47
22,Cheese - Bocconcini,Drinks,Networked attitude-oriented capacity,210.87
23,Tobasco Sauce,Drinks,Object-based well-modulated encoding,52.42
24,Soupcontfoam16oz 116con,CD,Multi-lateral systematic functionalities,201.52
25,Truffle Shells - White Chocolate,Components,Persevering context-sensitive framework,173.42
26,Squash - Acorn,Drinks,Distributed value-added structure,300.02
27,Shrimp - Tiger 21/25,Drinks,Seamless methodical workforce,298.79
28,Lamb Leg - Bone - In Nz,Drinks,Profit-focused web-enabled emulation,144.33
29,Chicken - Whole Fryers,Cables,Reverse-engineered value-added software,11.8
30,Chick Peas - Dried,Drinks,Versatile neutral function,207.06
31,Chicken Thigh - Bone Out,Drinks,Open-source bandwidth-monitored superstructure,265.17
32,Coriander - Ground,CD,Innovative multi-tasking forecast,315.06
33,"Wine - Cahors Ac 2000, Clos",Drinks,Automated stable forecast,164.09
34,Spring Roll Veg Mini,Drinks,Profound demand-driven groupware,92.63
35,Pasta - Ravioli,Components,Horizontal maximized capacity,307.41
36,Sauce Bbq Smokey,Drinks,Multi-lateral global focus group,20.73
37,Spring Roll Wrappers,Drinks,Proactive contextually-based pricing structure,16.37
38,"Beans - Black Bean, Dry",Audio,Secured bandwidth-monitored forecast,202.54
39,Gelatine Leaves - Bulk,CD,Versatile fault-tolerant contingency,183.36
40,Chinese Foods - Pepper Beef,Drinks,Integrated analyzing help-desk,147.49
41,Cabbage - Savoy,Drinks,Object-based asynchronous application,188.04
42,Pork - Shoulder,Drinks,Self-enabling transitional circuit,148.74
43,"Crab - Blue, Frozen",Drinks,Self-enabling leading edge website,280.13
44,Syrup - Kahlua Chocolate,Audio,Configurable composite open architecture,51.64
45,Beans - Wax,Drinks,Triple-buffered 3rd generation matrices,86.35
46,Paper Cocktail Umberlla 80 - 180,Audio,Customer-focused multimedia local area network,276.66
47,Yams,Audio,Automated multimedia complexity,155.65
48,Pork Casing,Drinks,Self-enabling secondary matrices,290.38
49,Bar Bran Honey Nut,Components,Down-sized even-keeled budgetary management,182.52
50,Cheese - St. Andre,Drinks,Implemented multi-tasking middleware,76.88
51,Sobe - Berry Energy,Drinks,Networked attitude-oriented protocol,259.57
52,Pork - Belly Fresh,Audio,Advanced fresh-thinking strategy,282.45
53,Wine - Chenin Blanc K.w.v.,Drinks,Proactive contextually-based concept,12.51
54,Assorted Desserts,CD,Organized contextually-based forecast,128.82
55,"Beef - Outside, Round",Drinks,Operative grid-enabled definition,295.73
56,Chocolate - Liqueur Cups With Foil,Laptops,Enterprise-wide bifurcated system engine,110.4
57,Shrimp - Black Tiger 16/20,Drinks,Enhanced directional standardization,94.94
58,"Juice - Clamato, 341 Ml",Drinks,Distributed coherent customer loyalty,269.17
59,Lemons,CD,Reactive motivating secured line,298.75
60,Tea - Camomele,CD,Focused responsive superstructure,297.87
61,Rabbit - Saddles,Drinks,Implemented eco-centric intranet,261.53
62,"Basil - Primerba, Paste",Audio,Focused 4th generation capability,42.31
63,Oil - Pumpkinseed,Components,De-engineered logistical approach,47.04
64,"Beef - Outside, Round",Audio,Configurable disintermediate open system,80.0
65,Flower - Carnations,Audio,Cross-group full-range support,17.69
66,Grouper - Fresh,E-Readers,Streamlined solution-oriented benchmark,45.25
67,"Hickory Smoke, Liquid",Audio,Progressive 24/7 time-frame,238.33
68,Coffee Guatemala Dark,Drinks,Synergistic 4th generation utilisation,11.7
69,Fudge - Cream Fudge,Drinks,Progressive empowering productivity,18.4
70,"Chicken - Base, Ultimate",Drinks,Implemented explicit interface,65.23
71,"Soup - Campbells, Beef Barley",Components,Balanced optimizing Graphic Interface,179.25
72,Vinegar - Champagne,Drinks,Sharable executive hardware,267.23
73,Napkin White - Starched,Audio,Realigned user-facing process improvement,59.85
74,Beef - Salted,Drinks,Open-architected interactive instruction set,167.51
75,Soup - Campbells Chicken,Audio,Reactive reciprocal moratorium,75.99
76,"Syrup - Monin, Swiss Choclate",Audio,Future-proofed exuding access,127.58
77,Banana - Green,Audio,Front-line local moratorium,245.45
78,"Peas - Pigeon, Dry",Drinks,Synergized 3rd generation moratorium,20.99
79,Pie Shells 10,Drinks,Synchronised demand-driven project,196.3
80,"Wine - White, Concha Y Toro",Laptops,Advanced systemic forecast,304.76
81,Vaccum Bag - 14x20,Drinks,Streamlined cohesive software,299.85
82,Bandage - Finger Cots,Drinks,User-centric discrete hardware,171.02
83,Table Cloth 53x53 White,Drinks,Organized bottom-line challenge,136.17
84,"Beef - Roasted, Cooked",Drinks,Digitized mission-critical neural-net,222.81
85,Goldschalger,Drinks,Programmable full-range database,4.71
86,Haggis,CD,Re-contextualized systemic budgetary management,259.29
87,"Clams - Littleneck, Whole",Drinks,Face to face well-modulated database,313.63
88,"Beef - Rib Roast, Capless",Drinks,Automated 5th generation secured line,3.61
89,Pea - Snow,Drinks,Team-oriented holistic software,202.06
90,Wine - Niagara Peninsula Vqa,CD,Enterprise-wide 3rd generation moratorium,246.76
91,Wine - Hardys Bankside Shiraz,Drinks,Ameliorated cohesive knowledge user,50.39
92,Food Colouring - Red,Drinks,Operative 6th generation matrix,260.6
93,Buffalo - Tenderloin,Drinks,Configurable interactive methodology,158.98
94,Coffee - Frthy Coffee Crisp,Components,Switchable 5th generation interface,300.16
95,"Bread - Multigrain, Loaf",Audio,Devolved coherent concept,171.55
96,"Lettuce - Mini Greens, Whole",Drinks,Mandatory user-facing structure,13.47
97,Red Currants,Laptops,Robust composite matrix,237.21
98,"Water, Tap",Audio,Multi-layered heuristic process improvement,60.74
99,"Nestea - Ice Tea, Diet",Drinks,Versatile systemic throughput,150.11
100,"Stock - Veal, White",Audio,Robust bottom-line core,246.31
101,"Tray - Foam, Square 4 - S",Audio,Open-architected contextually-based open system,16.12
102,Apricots Fresh,Drinks,Realigned motivating matrix,53.56
103,Squid - U - 10 Thailand,CD,Extended value-added protocol,229.42
104,Sour Puss Sour Apple,CD,Sharable homogeneous policy,84.57
105,Pastry - Chocolate Chip Muffin,Components,Down-sized didactic array,124.73
106,Wine - Hardys Bankside Shiraz,CD,Configurable 24 hour process improvement,215.2
107,Wine - Sicilia Igt Nero Avola,Drinks,Exclusive clear-thinking definition,87.2
108,Flour - All Purpose,CD,Object-based encompassing synergy,89.8
109,Tea - Lemon Scented,CD,Customizable discrete model,311.79
110,Eggwhite Frozen,Laptops,Enterprise-wide disintermediate capacity,319.56
111,Russian Prince,Drinks,Reduced heuristic task-force,163.31
112,Bread - Sour Batard,Drinks,Cloned scalable flexibility,23.8
113,Rootbeer,Audio,Innovative uniform standardization,200.9
114,"Red Snapper - Fillet, Skin On",CD,Reactive optimizing success,227.56
115,Kiwi,Drinks,Inverse value-added emulation,33.46
116,Oregano - Fresh,Drinks,Progressive reciprocal capacity,251.5
117,Dooleys Toffee,Drinks,Total responsive flexibility,257.75
118,Tea - Honey Green Tea,Audio,Focused bottom-line forecast,161.9
119,Raspberries - Fresh,Drinks,Adaptive attitude-oriented structure,247.27
120,"Octopus - Baby, Cleaned",Audio,Ameliorated mission-critical pricing structure,179.29
121,Beef - Cow Feet Split,CD,Monitored systemic projection,177.66
122,Bread - Raisin Walnut Oval,Audio,Realigned tertiary installation,172.8
123,Evaporated Milk - Skim,Drinks,Devolved full-range info-mediaries,40.27
124,Broom - Angled,Drinks,Object-based interactive flexibility,222.56
125,Table Cloth 54x54 White,CD,Up-sized grid-enabled website,292.28
126,Pizza Pizza Dough,Drinks,Self-enabling high-level matrix,162.54
127,Water Chestnut - Canned,Laptops,Multi-layered human-resource circuit,278.96
128,Mushrooms - Honey,Drinks,Secured empowering toolset,223.8
129,Ham - Proscuitto,Drinks,Multi-tiered local knowledge user,316.82
130,Tarragon - Fresh,Drinks,Distributed radical encoding,63.16
131,Brandy Cherry - Mcguinness,Drinks,Open-architected explicit toolset,74.37
132,Baking Powder,Drinks,Re-engineered fresh-thinking forecast,52.14
133,Towel - Roll White,Drinks,Persevering impactful strategy,16.18
134,Bacardi Mojito,Drinks,Polarised discrete data-warehouse,158.59
135,The Pop Shoppe - Cream Soda,Drinks,Monitored systematic paradigm,295.32
136,Sambuca - Ramazzotti,Audio,Synergistic well-modulated functionalities,5.39
137,Shrimp - Black Tiger 16/20,Drinks,Face to face client-driven data-warehouse,245.2
138,Oil - Margarine,Drinks,Stand-alone analyzing architecture,159.9
139,Coffee - Decaffeinato Coffee,CD,Fundamental stable migration,288.56
140,Hot Choc Vending,Audio,Adaptive maximized service-desk,126.64
141,Savory,Cables,Multi-layered leading edge algorithm,114.96
142,Chambord Royal,CD,Synchronised regional project,40.32
143,Broom - Push,Drinks,Synergistic asynchronous synergy,107.52
144,"Pepper - Chipotle, Canned",Drinks,Robust uniform hierarchy,95.36
145,Eel - Smoked,Drinks,Multi-lateral actuating protocol,108.44
146,Peppercorns - Pink,Drinks,Optimized upward-trending analyzer,145.93
147,"Lettuce - Mini Greens, Whole",CD,Operative bi-directional artificial intelligence,217.74
148,Versatainer Nc - 888,CD,Virtual client-driven knowledge user,54.09
149,Nacho Chips,Drinks,Inverse neutral leverage,200.89
150,"Bread - Pullman, Sliced",Food,Operative 6th generation core,222.55
151,Sprouts - China Rose,Audio,Up-sized intermediate alliance,276.03
152,"Wine - White, Chardonnay",Drinks,Organized real-time firmware,201.37
153,"Jam - Blackberry, 20 Ml Jar",Audio,Cross-group intermediate implementation,156.58
154,Wine - Montecillo Rioja Crianza,Drinks,Realigned disintermediate extranet,144.39
155,French Pastries,Drinks,Automated object-oriented archive,180.07
156,Squeeze Bottle,Drinks,Face to face web-enabled methodology,248.41
157,Bandage - Flexible Neon,Drinks,Right-sized scalable infrastructure,186.53
158,Trout Rainbow Whole,Audio,Re-engineered mission-critical functionalities,159.9
159,Maple Syrup,Drinks,Universal eco-centric hardware,30.68
160,Eggplant Italian,CD,De-engineered clear-thinking strategy,260.33
161,"Pasta - Bauletti, Chicken White",Drinks,Focused web-enabled project,161.49
162,Wine - Conde De Valdemar,Drinks,Vision-oriented incremental challenge,227.81
163,Island Oasis - Peach Daiquiri,Components,Proactive multi-state matrix,284.74
164,Wine - Penfolds Koonuga Hill,CD,Inverse regional attitude,271.67
165,Lamb - Loin Chops,Drinks,Digitized mobile alliance,4.88
166,Crab - Meat,Laptops,Exclusive scalable throughput,214.07
167,Alize Red Passion,CD,Face to face fresh-thinking migration,211.23
168,Sauce - Ranch Dressing,Drinks,Multi-channelled motivating access,216.57
169,Strawberries - California,Drinks,Multi-layered high-level budgetary management,184.39
170,Drambuie,Drinks,Organized methodical benchmark,116.11
171,Bagelers - Cinn / Brown Sugar,Drinks,Cloned global toolset,238.06
172,Bread Base - Goodhearth,Audio,Robust bottom-line infrastructure,207.3
173,Vinegar - Balsamic,Drinks,Triple-buffered global installation,5.5
174,Kippers - Smoked,Drinks,Optimized systematic database,303.35
175,Squid - Breaded,Drinks,Configurable uniform function,102.14
176,Sauce - Alfredo,Components,Organic background success,289.44
177,Oranges,Drinks,Profound content-based ability,224.62
178,"Pineapple - Canned, Rings",Audio,Multi-layered web-enabled pricing structure,276.92
179,"Coffee - Colombian, Portioned",Audio,Robust tertiary capacity,115.89
180,Scallops - Live In Shell,Drinks,Re-contextualized multi-state ability,192.03
181,Sambuca - Ramazzotti,Audio,Sharable logistical help-desk,122.75
182,Pepper - Red Chili,Audio,Compatible modular data-warehouse,307.16
183,Salt - Table,Audio,Multi-tiered motivating workforce,245.31
184,Rum - Mount Gay Eclipes,Components,Cross-group zero tolerance firmware,242.67
185,"Soup - Clam Chowder, Dry Mix",Drinks,Persistent bi-directional toolset,158.66
186,Coffee - Egg Nog Capuccino,CD,Profound static middleware,87.78
187,Kellogs All Bran Bars,Audio,Public-key national service-desk,197.31
188,Pepper - Jalapeno,Drinks,Digitized 24/7 strategy,168.42
189,Hinge W Undercut,Audio,Fully-configurable cohesive workforce,288.72
190,Cabbage - Savoy,Audio,Progressive asymmetric model,250.29
191,Steampan - Foil,Drinks,Cross-platform tangible alliance,272.32
192,Fuji Apples,Drinks,Seamless 6th generation definition,33.5
193,"Tabasco Sauce, 2 Oz",CD,Horizontal incremental productivity,319.74
194,"Chilli Paste, Hot Sambal Oelek",Audio,Ameliorated grid-enabled moderator,141.15
195,Muffin - Zero Transfat,Audio,Networked 24/7 groupware,230.37
196,Mahi Mahi,Audio,Progressive empowering access,136.5
197,Cookies - Amaretto,Components,Realigned secondary extranet,115.99
198,Sobe - Lizard Fuel,Drinks,Digitized bottom-line product,18.95
199,Chicken - Leg / Back Attach,Drinks,Inverse multi-state product,36.7
200,Bread - Pain Au Liat X12,Laptops,Persistent 3rd generation alliance,179.58
201,Island Oasis - Wildberry,Components,Enhanced optimal process improvement,92.14
202,"Nut - Cashews, Whole, Raw",Drinks,Phased hybrid capability,238.66
203,Celery,Drinks,Operative user-facing hardware,159.57
204,Eggplant - Regular,Drinks,Upgradable systemic workforce,254.23
205,Lime Cordial - Roses,CD,Intuitive impactful challenge,67.33
206,Mustard - Dijon,CD,Fully-configurable analyzing superstructure,312.42
207,Apple - Granny Smith,Drinks,Devolved composite extranet,81.9
208,Wine - Ej Gallo Sierra Valley,CD,Digitized upward-trending website,232.07
209,Salt And Pepper Mix - White,CD,Profit-focused explicit frame,202.72
210,"Melon - Watermelon, Seedless",Audio,User-friendly next generation structure,142.54
211,Sobe - Cranberry Grapefruit,Drinks,Re-engineered exuding functionalities,210.4
212,Mussels - Cultivated,Audio,Switchable foreground archive,57.47
213,"Sauce - Gravy, Au Jus, Mix",Drinks,Versatile modular superstructure,132.74
214,Cleaner - Lime Away,Drinks,Profound fault-tolerant groupware,149.56
215,"Champagne - Brights, Dry",CD,Grass-roots even-keeled algorithm,46.1
216,"Radish - Black, Winter, Organic",Drinks,Organized 24 hour application,315.6
217,Flour Pastry Super Fine,Drinks,Multi-tiered systematic approach,5.14
218,Vinegar - Sherry,Drinks,Profound fresh-thinking forecast,166.91
219,"Pork - Chop, Frenched",Components,Synergistic eco-centric moderator,265.42
220,Uniform Linen Charge,Laptops,Open-architected attitude-oriented neural-net,78.41
221,Coffee - Dark Roast,Drinks,Assimilated 5th generation benchmark,303.88
222,Wine - Red Oakridge Merlot,Drinks,Team-oriented 6th generation intranet,36.0
223,Muffin Mix - Morning Glory,Drinks,Horizontal multi-state archive,269.18
224,Chivas Regal - 12 Year Old,Drinks,Right-sized systematic project,35.31
225,Towel Dispenser,Drinks,Customizable non-volatile system engine,52.71
226,Bar - Granola Trail Mix Fruit Nut,Drinks,Upgradable explicit knowledge base,38.84
227,Energy - Boo - Koo,Drinks,Programmable leading edge structure,296.57
228,Cookie - Oreo 100x2,Drinks,Devolved zero tolerance utilisation,220.01
229,Banana,Drinks,Business-focused 6th generation emulation,204.54
230,Nestea - Iced Tea,Drinks,Intuitive responsive extranet,2.31
231,Bread Bowl Plain,Drinks,Self-enabling holistic extranet,12.35
232,Banana Turning,Audio,Expanded composite initiative,163.85
233,Steampan - Half Size Shallow,Audio,Robust zero tolerance benchmark,282.68
234,"Salmon - Atlantic, No Skin",Audio,Versatile explicit project,14.64
235,Cheese - Wine,Laptops,Horizontal exuding focus group,136.08
236,Shrimp - 31/40,Drinks,Switchable mobile interface,111.38
237,Bacardi Breezer - Tropical,Audio,Persistent system-worthy system engine,256.76
238,Wine - Masi Valpolocell,Drinks,Innovative uniform software,170.64
239,Yogurt - Plain,Audio,Universal bifurcated capacity,74.31
240,Icecream - Dstk Strw Chseck,Audio,Configurable 24 hour secured line,178.48
241,"Beans - Black Bean, Preserved",CD,Managed bifurcated model,43.89
242,"Tuna - Canned, Flaked, Light",Audio,Multi-tiered demand-driven service-desk,173.35
243,Walkers Special Old Whiskey,Components,User-centric actuating flexibility,112.77
244,Squid - U - 10 Thailand,Drinks,Total systematic throughput,194.15
245,Nescafe - Frothy French Vanilla,CD,Customer-focused systemic hub,237.86
246,"Lobster - Tail, 3 - 4 Oz",Audio,Cross-group empowering workforce,220.85
247,Wine - Rubyport,Drinks,Secured clear-thinking synergy,53.79
248,"Yogurt - Blueberry, 175 Gr",Drinks,Mandatory responsive conglomeration,167.16
249,Sprouts - Baby Pea Tendrils,Audio,Stand-alone demand-driven archive,211.99
250,"Pasta - Orzo, Dry",Drinks,Optional object-oriented alliance,72.07
251,Scallops - Live In Shell,Drinks,Reduced solution-oriented access,111.48
252,Chocolate - Semi Sweet,Drinks,Automated modular website,109.94
253,Pastry - Carrot Muffin - Mini,Components,Multi-tiered attitude-oriented frame,309.37
254,Swiss Chard,Components,Persevering systematic website,149.3
255,Milk - 2%,Audio,Cross-platform systematic functionalities,196.27
256,Bagels Poppyseed,Components,Re-contextualized impactful workforce,139.99
257,Island Oasis - Peach Daiquiri,Drinks,Mandatory homogeneous algorithm,256.59
258,"Chicken - White Meat, No Tender",Drinks,User-centric stable project,256.37
259,Bread - 10 Grain Parisian,Components,Horizontal tertiary analyzer,288.69
260,Jerusalem Artichoke,Drinks,Integrated discrete data-warehouse,33.52
261,"Soup - Knorr, French Onion",Food,Multi-layered transitional migration,5.72
262,Canadian Emmenthal,Drinks,Polarised mission-critical toolset,255.52
263,Bagel - 12 Grain Preslice,Drinks,Devolved reciprocal local area network,127.05
264,Kale - Red,Audio,Cloned scalable emulation,179.17
265,Veal - Provimi Inside,Drinks,Re-engineered methodical contingency,206.98
266,Gooseberry,Drinks,Down-sized full-range core,252.7
267,"Pork - Loin, Boneless",Drinks,Public-key 6th generation circuit,47.11
268,Pie Pecan,Audio,Realigned background approach,38.53
269,"C - Plus, Orange",Tablets,Managed foreground project,165.39
270,Sugar - Cubes,Drinks,Customizable zero administration project,248.81
271,Chips - Doritos,CD,Visionary human-resource project,200.74
272,Melon - Honey Dew,Laptops,Enhanced uniform middleware,270.12
273,Container - Clear 16 Oz,CD,Reactive 6th generation archive,225.96
274,Broom - Corn,Drinks,Persistent client-driven paradigm,82.72
275,"Coke - Diet, 355 Ml",Drinks,Quality-focused empowering infrastructure,68.42
276,Calaloo,Drinks,Monitored global customer loyalty,212.52
277,Table Cloth 62x120 Colour,Drinks,Customer-focused exuding capability,177.84
278,Chicken - Ground,Drinks,Visionary discrete array,12.7
279,"Tomatoes - Vine Ripe, Red",Audio,Business-focused tangible database,145.2
280,Tea - Honey Green Tea,Audio,Fully-configurable radical complexity,207.0
281,Bread - White Epi Baguette,Drinks,Optional optimal focus group,94.98
282,Bols Melon Liqueur,Drinks,Object-based encompassing help-desk,85.66
283,Juice - Ocean Spray Kiwi,Drinks,Integrated client-driven Graphic Interface,99.81
284,Garlic - Peeled,Audio,User-friendly client-driven groupware,279.56
285,"Soup - Campbells, Cream Of",Drinks,Cross-platform logistical middleware,9.35
286,Peppercorns - Green,Drinks,Devolved dynamic help-desk,205.44
287,Calypso - Pineapple Passion,Drinks,Proactive 6th generation concept,3.3
288,Sprouts - Alfalfa,Drinks,Ameliorated well-modulated moratorium,272.56
289,"Pasta - Rotini, Colour, Dry",Drinks,Secured scalable application,195.96
290,Silicone Paper 16.5x24,Components,Horizontal non-volatile synergy,87.75
291,"Olives - Green, Pitted",Drinks,Intuitive intangible product,107.02
292,Sour Puss Sour Apple,Drinks,Switchable bottom-line extranet,277.18
293,Island Oasis - Lemonade,Drinks,Vision-oriented system-worthy hardware,297.4
294,Kellogs Special K Cereal,Drinks,Customizable attitude-oriented architecture,250.91
295,Sobe - Liz Blizz,Audio,User-centric multimedia challenge,178.62
296,Bread - Crusty Italian Poly,Drinks,Fully-configurable systemic knowledge user,239.29
297,"Beans - Kidney, Red Dry",Drinks,Exclusive explicit budgetary management,96.99
298,Spinach - Frozen,CD,Customer-focused coherent internet solution,231.12
299,Parsley Italian - Fresh,Drinks,Programmable user-facing pricing structure,299.48
300,Wine - Malbec Trapiche Reserve,Drinks,Re-engineered dynamic infrastructure,290.35
301,Ham - Cooked Bayonne Tinned,Drinks,Optional full-range access,143.82
302,"Artichoke - Bottom, Canned",Drinks,Synergized exuding capability,118.45
303,Towel Multifold,Audio,Function-based holistic encoding,227.5
304,Pastry - Lemon Danish - Mini,Components,Pre-emptive web-enabled knowledge base,290.73
305,"Artichoke - Hearts, Canned",Drinks,Digitized web-enabled approach,29.17
306,Lemon Tarts,Drinks,Compatible dedicated analyzer,149.37
307,"Vermouth - Sweet, Cinzano",Audio,Reverse-engineered zero administration database,159.62
308,Magnotta - Bel Paese White,Drinks,Triple-buffered modular alliance,8.33
309,Kippers - Smoked,CD,Up-sized global knowledge base,235.15
310,Passion Fruit,Drinks,Virtual interactive system engine,23.02
311,"Apple - Delicious, Red",Drinks,Total uniform customer loyalty,164.94
312,Chips - Assorted,Drinks,Integrated static framework,134.38
313,Sauce - Caesar Dressing,CD,Function-based intermediate toolset,278.51
314,Shiratamako - Rice Flour,CD,Ergonomic maximized core,77.7
315,Rice - Long Grain,Drinks,Assimilated national standardization,310.58
316,Mace Ground,Drinks,Re-engineered 6th generation throughput,270.68
317,Coconut - Whole,Audio,Customer-focused bottom-line encoding,7.51
318,Cup - 4oz Translucent,Drinks,Optional mobile internet solution,106.06
319,Bandage - Flexible Neon,Drinks,Profit-focused encompassing attitude,250.01
320,Wine - Champagne Brut Veuve,Drinks,Inverse zero administration success,64.13
321,Cookies - Englishbay Wht,Drinks,Visionary zero tolerance moderator,124.67
322,Shrimp - 150 - 250,CD,De-engineered didactic implementation,270.94
323,Beef - Short Ribs,Drinks,Customizable high-level array,79.1
324,Fiddlehead - Frozen,Laptops,Advanced interactive focus group,63.66
325,Ecolab - Hobart Upr Prewash Arm,Audio,Multi-lateral homogeneous internet solution,175.18
326,Wine - Balbach Riverside,Drinks,Re-engineered zero tolerance workforce,42.89
327,Oil - Margarine,Audio,Digitized hybrid methodology,74.0
328,Orange - Tangerine,Drinks,De-engineered responsive architecture,278.09
329,Energy Drink - Franks Pineapple,Drinks,Synchronised hybrid neural-net,179.33
330,"Wine - White, Antinore Orvieto",Audio,Streamlined tertiary help-desk,147.21
331,"Tomatoes - Plum, Canned",Drinks,Programmable discrete knowledge base,90.11
332,Cookie Dough - Peanut Butter,Drinks,Reverse-engineered asynchronous hub,188.88
333,Bread - Corn Muffaletta,Components,Upgradable fresh-thinking time-frame,144.89
334,"Soup - Campbells, Chix Gumbo",Drinks,Grass-roots bottom-line synergy,105.52
335,Kumquat,Drinks,Grass-roots analyzing collaboration,1.45
336,Remy Red,Drinks,Object-based secondary capacity,91.79
337,Stock - Fish,CD,Programmable multi-state architecture,163.22
338,Tray - 16in Rnd Blk,Drinks,Progressive incremental functionalities,44.14
339,Soup - Campbells Chicken,Drinks,Horizontal methodical process improvement,14.73
340,Aspic - Light,Drinks,Up-sized object-oriented methodology,249.82
341,"Wine - White, Cooking",Drinks,Phased full-range encoding,178.64
342,Cookies - Fortune,Drinks,Organized reciprocal database,270.32
343,Sage Ground Wiberg,Drinks,Innovative methodical data-warehouse,47.98
344,Celery Root,Audio,Cloned tertiary paradigm,164.4
345,Energy Drink,Audio,Fundamental foreground portal,45.94
346,Goat - Whole Cut,Drinks,Secured motivating budgetary management,254.43
347,"Tomatoes - Plum, Canned",Drinks,Seamless value-added encryption,175.55
348,Bread - Triangle White,Drinks,Intuitive asymmetric access,72.42
349,Apricots Fresh,Audio,Enhanced non-volatile utilisation,1.61
350,Icecream Cone - Areo Chocolate,Drinks,Visionary disintermediate complexity,48.77
351,Flavouring - Raspberry,CD,Right-sized 3rd generation functionalities,18.34
352,"Oranges - Navel, 72",Components,Monitored asymmetric strategy,78.99
353,Sage Derby,Drinks,Centralized asymmetric data-warehouse,102.28
354,"Beans - Navy, Dry",Drinks,Re-contextualized grid-enabled utilisation,85.71
355,Flour - All Purpose,Audio,Configurable eco-centric core,129.71
356,Sproutsmustard Cress,Drinks,Streamlined mission-critical migration,238.75
357,Cheese - Fontina,Audio,Enterprise-wide directional migration,104.0
358,Veal - Eye Of Round,Drinks,Future-proofed executive process improvement,180.8
359,Soap - Hand Soap,CD,Advanced neutral capability,257.53
360,Scallops - 10/20,CD,User-friendly actuating frame,158.53
361,Soup - Cream Of Broccoli,Drinks,Stand-alone background migration,64.55
362,Vinegar - White,Drinks,Robust directional standardization,217.09
363,Flower - Daisies,CD,Enhanced asymmetric utilisation,292.75
364,Pork Casing,Drinks,Innovative 6th generation customer loyalty,49.56
365,Bar - Sweet And Salty Chocolate,Drinks,Centralized non-volatile definition,180.61
366,"Cookies - Oreo, 4 Pack",Drinks,Automated maximized monitoring,40.76
367,"Bread - Sticks, Thin, Plain",Drinks,Organic actuating array,104.64
368,Wine - Magnotta - Cab Franc,Drinks,Assimilated zero administration task-force,291.24
369,Sobe - Green Tea,CD,Exclusive homogeneous infrastructure,52.75
370,Muffin - Carrot Individual Wrap,Components,Synergized composite extranet,150.67
371,Icecream Cone - Areo Chocolate,CD,Synergistic disintermediate installation,113.82
372,Ice Cream - Life Savers,Drinks,Horizontal radical superstructure,123.73
373,Ham - Cooked Italian,Drinks,Proactive bandwidth-monitored protocol,187.55
374,Wild Boar - Tenderloin,Audio,Visionary discrete approach,27.93
375,Truffle Shells - Semi - Sweet,Audio,Automated actuating infrastructure,30.52
376,"Lid - 10,12,16 Oz",Drinks,Multi-tiered coherent throughput,296.49
377,Sugar - Invert,Drinks,Optimized background focus group,97.3
378,"Beets - Candy Cane, Organic",Drinks,Secured client-driven standardization,163.12
379,Ice Cream - Super Sandwich,CD,Future-proofed fault-tolerant process improvement,216.38
380,Cookie Chocolate Chip With,Drinks,Up-sized systemic knowledge base,212.06
381,Grouper - Fresh,CD,Front-line national success,44.14
382,Compound - Mocha,Audio,Customizable hybrid open architecture,268.76
383,Nantucket - Carrot Orange,Audio,Managed web-enabled projection,2.98
384,Pastry - Baked Scones - Mini,Drinks,Multi-tiered needs-based artificial intelligence,161.83
385,"Rum - Cream, Amarula",Drinks,Down-sized client-driven firmware,102.99
386,Dried Cranberries,Drinks,Up-sized tertiary alliance,118.71
387,"Beans - Kidney, Canned",CD,Implemented static customer loyalty,58.86
388,"Chestnuts - Whole,canned",Drinks,Object-based multi-tasking instruction set,158.73
389,Garbag Bags - Black,Audio,Assimilated user-facing complexity,50.86
390,Filo Dough,Drinks,Total secondary website,135.45
391,Mousse - Passion Fruit,Audio,Enterprise-wide client-driven concept,164.18
392,Fiddlehead - Frozen,Audio,Balanced content-based product,204.17
393,Cheese - La Sauvagine,Audio,Ergonomic eco-centric architecture,145.84
394,Sesame Seed Black,Drinks,Universal disintermediate migration,76.53
395,Corn Meal,Drinks,Upgradable disintermediate project,162.01
396,Cheese - Mascarpone,Audio,Adaptive multi-tasking internet solution,311.43
397,Container - Clear 16 Oz,Drinks,Adaptive asynchronous installation,47.51
398,Pasta - Agnolotti - Butternut,CD,Enhanced logistical matrix,317.19
399,Energy Drink Red Bull,Components,Persistent user-facing benchmark,210.65
400,Cookies - Englishbay Oatmeal,Laptops,Inverse bifurcated encryption,247.69
401,Fib N9 - Prague Powder,Drinks,Fully-configurable well-modulated product,258.07
402,Beef - Montreal Smoked Brisket,Drinks,Cloned fault-tolerant product,12.97
403,Wine - Wyndham Estate Bin 777,E-Readers,Compatible neutral capacity,114.01
404,Beef - Tenderloin,Components,Fundamental intangible complexity,269.59
405,Cheese - Valancey,Food,Cross-group bifurcated hierarchy,11.8
406,Cut Wakame - Hanawakaba,Drinks,Organized cohesive orchestration,83.58
407,Sambuca Cream,Drinks,Adaptive local intranet,283.88
408,Ecolab - Solid Fusion,Drinks,Object-based secondary moderator,291.87
409,Straws - Cocktale,Audio,Virtual well-modulated moratorium,29.23
410,Tart - Pecan Butter Squares,Drinks,Expanded client-driven Graphical User Interface,37.12
411,"Apple - Delicious, Red",Audio,Compatible executive open system,11.29
412,Sour Puss Raspberry,Audio,Open-architected exuding alliance,58.85
413,Beef - Sushi Flat Iron Steak,Audio,Future-proofed 24 hour infrastructure,71.26
414,Pears - Bosc,Drinks,Enhanced bandwidth-monitored paradigm,32.63
415,Sauce - Roasted Red Pepper,Laptops,User-friendly solution-oriented software,310.83
416,Lobster - Live,Drinks,Pre-emptive heuristic middleware,294.79
417,Swordfish Loin Portions,CD,Compatible human-resource capability,193.03
418,Island Oasis - Strawberry,Audio,Front-line background capability,165.61
419,Lobster - Tail 6 Oz,Drinks,Adaptive demand-driven functionalities,158.86
420,Pur Source,Drinks,Profound modular software,131.79
421,Garam Masala Powder,Audio,Virtual didactic paradigm,11.7
422,"Mop Head - Cotton, 24 Oz",Drinks,Public-key asynchronous utilisation,186.43
423,Knife Plastic - White,Audio,Down-sized mobile framework,24.72
424,Icecream Cone - Areo Chocolate,E-Readers,Ameliorated web-enabled customer loyalty,143.41
425,V8 - Tropical Blend,Drinks,Team-oriented next generation focus group,163.36
426,"Crush - Orange, 355ml",Audio,Vision-oriented bottom-line throughput,135.97
427,Wine - Saint Emilion Calvet,CD,Centralized national core,242.53
428,Cinnamon Rolls,CD,Profound solution-oriented moratorium,175.62
429,Seabream Whole Farmed,Drinks,Optimized zero defect productivity,178.58
430,Beef - Top Butt,Drinks,Managed neutral adapter,4.85
431,Energy Drink - Redbull 355ml,Drinks,Configurable zero defect product,69.98
432,Sour Puss Sour Apple,CD,Configurable didactic core,277.01
433,Pastry - Apple Large,CD,Focused disintermediate neural-net,271.13
434,Mousse - Passion Fruit,Drinks,Reactive value-added moratorium,102.35
435,Ecolab - Hobart Washarm End Cap,Drinks,Sharable optimal project,104.13
436,"Coke - Diet, 355 Ml",Audio,Open-architected static hub,30.09
437,Munchies Honey Sweet Trail Mix,CD,Synergized client-server capacity,123.22
438,Quiche Assorted,Drinks,Monitored client-driven benchmark,274.31
439,Wine - Prosecco Valdobiaddene,Audio,Down-sized 5th generation data-warehouse,251.57
440,Sugar - Cubes,Drinks,Streamlined attitude-oriented interface,167.12
441,Foil Wrap,Drinks,Synergistic maximized structure,304.67
442,Capon - Whole,Audio,Open-architected high-level matrix,146.14
443,Muffin Hinge 117n,Audio,Managed multi-state data-warehouse,278.81
444,"Carrots - Mini, Stem On",Drinks,Front-line bifurcated artificial intelligence,105.86
445,"Wine - Harrow Estates, Vidal",Drinks,Expanded actuating structure,226.77
446,Versatainer Nc - 8288,Audio,Organized global intranet,231.78
447,Chocolate Bar - Coffee Crisp,CD,Fully-configurable optimal hub,68.24
448,"Pesto - Primerba, Paste",Audio,Re-engineered motivating flexibility,197.27
449,"Soup - Canadian Pea, Dry Mix",Drinks,Persistent intermediate Graphical User Interface,244.37
450,Graham Cracker Mix,Drinks,Re-engineered content-based moderator,116.2
451,Bacon Strip Precooked,Audio,Switchable multimedia solution,261.17
452,Duck - Breast,Drinks,Digitized background superstructure,269.4
453,Beer - Blue Light,Drinks,Virtual tertiary website,2.48
454,Pork Ham Prager,Drinks,Streamlined non-volatile portal,311.17
455,"Pork - Tenderloin, Frozen",CD,Configurable neutral service-desk,90.51
456,Bar Nature Valley,Audio,Operative secondary initiative,65.2
457,Tofu - Firm,CD,Proactive local definition,122.29
458,Pails With Lids,Laptops,Persevering dedicated benchmark,81.66
459,Huck Towels White,Drinks,Synchronised composite framework,223.54
460,Beef - Texas Style Burger,Drinks,Multi-tiered contextually-based hardware,144.74
461,Coffee Beans - Chocolate,Drinks,Team-oriented asymmetric installation,74.74
462,Dried Cranberries,Drinks,Monitored incremental intranet,219.44
463,"Corn - Cream, Canned",Audio,Synergized fault-tolerant conglomeration,234.28
464,Wine - Malbec Trapiche Reserve,Drinks,Automated attitude-oriented website,228.23
465,Water - Evian 355 Ml,Drinks,Upgradable multi-tasking workforce,160.66
466,Tea - Green,Drinks,Business-focused demand-driven artificial intelligence,178.08
467,Cheese - Oka,Audio,Front-line holistic focus group,3.86
468,Sambuca - Ramazzotti,Audio,Assimilated asymmetric matrix,273.88
469,Milk - 1%,Components,Profit-focused dedicated infrastructure,229.39
470,Chicken Breast Wing On,Drinks,Devolved mobile capacity,286.35
471,Longos - Burritos,Drinks,Distributed zero defect extranet,141.13
472,Pastry - Mini French Pastries,Drinks,Digitized mobile superstructure,315.25
473,Flounder - Fresh,Drinks,Programmable cohesive array,137.79
474,Sesame Seed Black,Drinks,Face to face client-server info-mediaries,199.25
475,Wine - Riesling Alsace Ac 2001,Drinks,Compatible stable process improvement,315.82
476,Container - Foam Dixie 12 Oz,Drinks,Configurable value-added Graphical User Interface,196.06
477,"Wine - Harrow Estates, Vidal",Audio,Innovative 3rd generation product,287.22
478,Container - Clear 16 Oz,Audio,Public-key empowering approach,19.29
479,Table Cloth 62x120 Colour,Drinks,Up-sized zero defect encoding,243.56
480,Food Colouring - Blue,CD,Re-contextualized bottom-line encryption,111.41
481,Cookies - Amaretto,Audio,Future-proofed 4th generation methodology,70.38
482,Soup - French Onion,Drinks,Fully-configurable bi-directional throughput,278.18
483,Nantucket - Carrot Orange,Audio,Self-enabling multi-tasking toolset,102.09
484,Squid U5 - Thailand,Drinks,Fully-configurable background database,218.69
485,Pate - Peppercorn,Drinks,Multi-layered neutral complexity,243.19
486,Cheese - Sheep Milk,Drinks,Multi-tiered neutral model,112.15
487,Almonds Ground Blanched,Audio,Phased tangible utilisation,262.84
488,"Pasta - Linguini, Dry",Drinks,Vision-oriented human-resource focus group,306.45
489,Shiro Miso,Audio,Configurable modular task-force,195.79
490,"Pasta - Detalini, White, Fresh",Drinks,Reduced dynamic moratorium,170.01
491,Cabbage - Savoy,Audio,Configurable web-enabled initiative,294.93
492,Longos - Chicken Wings,Drinks,Self-enabling bi-directional help-desk,37.63
493,Juice - Lemon,Drinks,Future-proofed non-volatile approach,82.0
494,Sauce - Fish 25 Ozf Bottle,Audio,Synergistic radical benchmark,11.49
495,"Pepper - Chipotle, Canned",CD,De-engineered client-server challenge,23.64
496,Spinach - Packaged,Drinks,Multi-tiered explicit model,66.03
497,Straw - Regular,Drinks,Triple-buffered holistic focus group,202.78
498,Table Cloth 81x81 Colour,Drinks,Innovative maximized emulation,242.74
499,Sugar - Icing,Components,Profound static time-frame,160.67
500,"Quail - Whole, Boneless",Drinks,Right-sized zero defect model,64.27
501,Cheese Cheddar Processed,Audio,Grass-roots zero tolerance matrix,201.47
502,Carbonated Water - Blackberry,Drinks,Customer-focused multi-state utilisation,102.14
503,Cup - 8oz Coffee Perforated,Drinks,Multi-lateral composite flexibility,279.36
504,Bay Leaf Fresh,Drinks,Synergistic upward-trending forecast,227.67
505,Ice Cream Bar - Oreo Cone,Audio,Synergistic hybrid instruction set,304.87
506,Cheese - Valancey,Drinks,Decentralized impactful support,58.76
507,Onions - White,Drinks,Innovative non-volatile extranet,307.23
508,Appetizer - Crab And Brie,CD,Devolved object-oriented circuit,273.48
509,Lettuce - Frisee,Audio,Adaptive zero defect frame,114.92
510,Onions - Pearl,Drinks,Integrated 24 hour task-force,188.53
511,Rice - Sushi,Drinks,Polarised maximized protocol,23.74
512,Steamers White,Components,Versatile grid-enabled orchestration,273.16
513,"Lettuce - Romaine, Heart",Audio,Fully-configurable exuding artificial intelligence,15.71
514,Longos - Assorted Sandwich,Cables,Open-architected cohesive collaboration,70.85
515,Corn Shoots,CD,Multi-layered context-sensitive strategy,183.36
516,"Veal - Brisket, Provimi, Bone - In",Drinks,Inverse contextually-based support,18.65
517,Bacardi Breezer - Strawberry,Drinks,Managed bi-directional superstructure,59.97
518,"Vodka - Lemon, Absolut",Drinks,Intuitive asynchronous open architecture,189.88
519,Kiwano,Audio,Synergized exuding application,4.33
520,Carbonated Water - Lemon Lime,CD,Exclusive intangible application,317.19
521,Cookies Cereal Nut,Audio,Automated zero administration neural-net,79.44
522,Wine - Black Tower Qr,Audio,Compatible responsive success,245.8
523,"Wine - White, Chardonnay",Drinks,Advanced user-facing leverage,15.26
524,Squash - Pepper,Audio,Function-based bottom-line moderator,223.59
525,"Coconut - Shredded, Sweet",Drinks,Implemented encompassing functionalities,21.69
526,Lettuce Romaine Chopped,Audio,Fully-configurable upward-trending hierarchy,153.97
527,Pur Source,Drinks,Integrated well-modulated support,309.08
528,Vector Energy Bar,Drinks,Customizable well-modulated standardization,8.11
529,Table Cloth 54x54 White,CD,Intuitive explicit model,200.56
530,"Pepper - White, Ground",Components,Cross-group hybrid policy,184.62
531,Nantucket - Carrot Orange,Drinks,Re-contextualized real-time application,248.4
532,Salmon Steak - Cohoe 8 Oz,E-Readers,Open-source radical algorithm,196.43
533,Beef - Striploin,Drinks,Persistent client-driven framework,95.73
534,Straws - Cocktale,Components,Pre-emptive system-worthy core,71.51
535,Nut - Pumpkin Seeds,Drinks,Multi-lateral full-range interface,287.76
536,Cactus Pads,Audio,Sharable multi-tasking support,218.69
537,Coffee Beans - Chocolate,Drinks,Polarised bi-directional installation,224.72
538,Cranberries - Dry,Audio,Organic client-server secured line,76.21
539,Cornish Hen,CD,Reduced directional installation,87.19
540,Carrots - Mini Red Organic,Audio,Stand-alone optimizing analyzer,14.56
541,Saskatoon Berries - Frozen,Drinks,Reactive client-driven framework,274.22
542,Cheese - Provolone,CD,Ameliorated logistical open system,65.79
543,Pork - Caul Fat,Audio,User-centric encompassing contingency,61.67
544,Lettuce - Escarole,Drinks,Decentralized user-facing intranet,102.26
545,Wine - Pinot Noir Pond Haddock,Drinks,Networked bandwidth-monitored encryption,260.78
546,Extract - Almond,Drinks,Open-source multimedia installation,57.79
547,Shrimp - Black Tiger 6 - 8,Drinks,Ameliorated contextually-based support,168.19
548,Bread - White Mini Epi,Components,Intuitive didactic extranet,118.95
549,Soup - Campbells Broccoli,CD,Switchable needs-based alliance,225.8
550,Boogies,Drinks,Intuitive modular task-force,234.84
551,Mayonnaise - Individual Pkg,Drinks,Operative eco-centric array,297.67
552,"Cup - 3.5oz, Foam",Drinks,Upgradable uniform hub,256.36
553,Strawberries,Drinks,Synergistic empowering policy,231.9
554,Anchovy In Oil,CD,Programmable scalable alliance,74.61
555,Sherry - Dry,Audio,Enterprise-wide maximized concept,57.11
556,"Syrup - Monin, Irish Cream",Drinks,Open-source secondary solution,100.51
557,Smoked Tongue,Drinks,Customer-focused demand-driven task-force,54.19
558,Beer - Upper Canada Lager,Components,Enterprise-wide impactful software,247.93
559,Sage - Rubbed,Audio,Object-based intangible support,220.51
560,Bagel - Everything,Components,Monitored background data-warehouse,218.89
561,Salmon - Canned,Drinks,Compatible web-enabled policy,172.61
562,Chips - Miss Vickies,CD,De-engineered mobile definition,232.77
563,Anchovy Fillets,Drinks,Function-based encompassing array,134.7
564,Soup - French Can Pea,Drinks,Synergized contextually-based parallelism,309.02
565,Wine - Bouchard La Vignee Pinot,CD,Multi-tiered actuating Graphical User Interface,163.81
566,Dooleys Toffee,Audio,Self-enabling systemic customer loyalty,23.61
567,Cheese Cloth No 60,Audio,Triple-buffered bottom-line collaboration,28.9
568,"Beef - Rib Roast, Cap On",Drinks,Face to face attitude-oriented superstructure,136.92
569,Flour - Pastry,Components,Organic transitional projection,284.47
570,Chick Peas - Canned,CD,Profound eco-centric middleware,8.1
571,Eggplant - Regular,CD,Multi-layered coherent customer loyalty,312.55
572,Aspic - Amber,Components,Diverse dynamic knowledge user,158.18
573,Pastry - Butterscotch Baked,Drinks,Optimized grid-enabled productivity,183.79
574,"Plate - Foam, Bread And Butter",Audio,Reverse-engineered multimedia policy,141.11
575,Rice - Basmati,Drinks,Cross-platform bi-directional groupware,62.34
576,Temperature Recording Station,CD,Front-line zero administration application,13.79
577,Shrimp - Prawn,Drinks,Object-based web-enabled methodology,32.65
578,"Yogurt - Cherry, 175 Gr",Drinks,Multi-channelled object-oriented installation,102.7
579,Spinach - Packaged,CD,Programmable 5th generation capability,37.25
580,Juice - Mango,Laptops,Up-sized didactic middleware,233.58
581,"Ranchero - Primerba, Paste",Drinks,Vision-oriented solution-oriented superstructure,100.34
582,Olives - Morracan Dired,Drinks,Mandatory stable concept,239.79
583,Beans - Kidney White,Drinks,Down-sized systemic capacity,119.6
584,Bread - 10 Grain Parisian,Drinks,Persistent zero defect budgetary management,133.74
585,"Chicken - Breast, 5 - 7 Oz",Drinks,User-centric 24 hour productivity,140.42
586,Soupcontfoam16oz 116con,CD,Focused 5th generation encryption,194.32
587,Cheese - Provolone,Drinks,De-engineered 5th generation website,89.2
588,Drambuie,Drinks,Mandatory needs-based monitoring,195.03
589,Creme De Menth - White,E-Readers,Secured upward-trending instruction set,13.79
590,Swordfish Loin Portions,Audio,Face to face grid-enabled capability,40.2
591,Rum - Mount Gay Eclipes,Drinks,Secured object-oriented internet solution,257.27
592,Cheese - Brie Roitelet,Audio,Seamless radical contingency,97.36
593,Pepper - Scotch Bonnet,Drinks,Secured discrete monitoring,121.28
594,"Beans - Kidney, Red Dry",Audio,Realigned holistic knowledge user,4.18
595,Steamers White,Drinks,Secured multimedia firmware,263.5
596,"Iced Tea - Lemon, 340ml",Drinks,Centralized methodical knowledge user,224.74
597,"Veal - Brisket, Provimi, Bone - In",Audio,Vision-oriented motivating frame,76.77
598,Chocolate Bar - Oh Henry,Components,Operative grid-enabled orchestration,187.0
599,Lambcasing,Drinks,Multi-lateral 24 hour superstructure,54.47
600,Hummus - Spread,Drinks,Adaptive maximized matrices,130.48
601,Loquat,Audio,Ergonomic contextually-based projection,113.39
602,Spinach - Packaged,Audio,Vision-oriented high-level artificial intelligence,282.12
603,Coffee - 10oz Cup 92961,Components,Fundamental bifurcated alliance,230.44
604,Banana,Drinks,Digitized uniform website,221.64
605,Bacon Strip Precooked,E-Readers,Streamlined fault-tolerant protocol,175.03
606,Cake - Mini Potato Pancake,Audio,Triple-buffered stable open system,23.61
607,"Liners - Banana, Paper",Audio,Robust homogeneous protocol,302.24
608,"Pepper - Julienne, Frozen",Drinks,Organic cohesive encoding,211.34
609,Salmon Atl.whole 8 - 10 Lb,Components,Cross-group homogeneous budgetary management,174.64
610,Beer - Sleemans Honey Brown,Drinks,Expanded composite database,200.59
611,"Chicken - Leg, Boneless",Drinks,Customer-focused actuating ability,307.02
612,"Halibut - Whole, Fresh",Audio,User-centric tertiary frame,211.59
613,"Bread - Rolls, Rye",Audio,Configurable 24/7 migration,162.24
614,Pepper - Chilli Seeds Mild,CD,Business-focused systemic productivity,48.56
615,Flour Pastry Super Fine,Drinks,Total scalable benchmark,88.86
616,V8 Splash Strawberry Banana,Audio,Mandatory explicit algorithm,259.56
617,"Veal - Inside Round / Top, Lean",Drinks,Re-contextualized 4th generation archive,266.21
618,Chicken - Ground,Drinks,Streamlined upward-trending open system,253.8
619,Beer - Guiness,Audio,Exclusive next generation standardization,10.57
620,Carbonated Water - Orange,Audio,Ameliorated interactive hub,76.16
621,Soupcontfoam16oz 116con,Audio,Reverse-engineered actuating framework,38.6
622,"Chicken - Leg, Fresh",Drinks,Phased regional adapter,310.43
623,Plasticknivesblack,CD,Stand-alone methodical functionalities,63.93
624,Carbonated Water - Cherry,Drinks,Open-source foreground focus group,277.16
625,Eel Fresh,Audio,Vision-oriented analyzing challenge,98.35
626,"Tuna - Canned, Flaked, Light",Audio,Operative transitional hardware,65.02
627,Water - Aquafina Vitamin,Drinks,Visionary heuristic firmware,193.58
628,Ham - Cooked,Audio,Innovative zero defect forecast,221.12
629,Compound - Passion Fruit,Drinks,Mandatory explicit attitude,177.23
630,Cauliflower,Components,Enhanced cohesive internet solution,91.46
631,Cheese - St. Andre,Audio,Assimilated attitude-oriented archive,301.46
632,Parsnip,Audio,Fully-configurable fault-tolerant help-desk,216.92
633,Pepper - Red Chili,Audio,Cross-group next generation task-force,267.76
634,Cheese - Brick With Pepper,Drinks,User-friendly interactive leverage,88.91
635,Yogurt - French Vanilla,Drinks,Reverse-engineered client-server utilisation,262.19
636,Muffin - Mix - Strawberry Rhubarb,Drinks,Pre-emptive next generation access,310.52
637,Wine - Periguita Fonseca,Drinks,Realigned motivating moderator,185.62
638,Cookie Dough - Chunky,Audio,Enhanced radical interface,173.35
639,Bag Clear 10 Lb,CD,Robust transitional capacity,185.81
640,Cheese - Perron Cheddar,Audio,Realigned attitude-oriented hub,187.85
641,Celery Root,Drinks,Ergonomic 24 hour definition,15.37
642,Gelatine Powder,Laptops,Cloned encompassing collaboration,58.73
643,"Lamb - Leg, Boneless",Drinks,Operative fresh-thinking encoding,286.13
644,"Appetizer - Mini Egg Roll, Shrimp",Audio,Customizable bifurcated standardization,14.19
645,Shortbread - Cookie Crumbs,Audio,Multi-layered client-server archive,3.78
646,Celery Root,Components,Proactive reciprocal groupware,169.77
647,Chocolate Bar - Reese Pieces,Audio,Optional dynamic database,82.8
648,Sauce - Plum,Drinks,Progressive full-range software,112.62
649,"Appetizer - Mini Egg Roll, Shrimp",Drinks,Secured responsive capability,224.45
650,Creme De Banane - Marie,Laptops,Right-sized executive time-frame,241.43
651,Cheese - Victor Et Berthold,Drinks,Persistent asynchronous leverage,225.75
652,Yogurt - Plain,Audio,Ergonomic optimal system engine,63.82
653,Stainless Steel Cleaner Vision,Drinks,Switchable dedicated utilisation,71.61
654,Browning Caramel Glace,Drinks,Public-key bi-directional frame,193.56
655,"7up Diet, 355 Ml",Audio,Quality-focused web-enabled website,286.76
656,Pate Pans Yellow,Drinks,Horizontal empowering productivity,50.94
657,Pickerel - Fillets,Drinks,Diverse responsive core,245.57
658,Sprouts - Pea,Drinks,Horizontal exuding portal,303.92
659,Foil - 4oz Custard Cup,Drinks,Automated bi-directional website,196.7
660,Wine - Ice Wine,Drinks,Object-based attitude-oriented attitude,226.02
661,Bonito Flakes - Toku Katsuo,Drinks,Synchronised maximized middleware,287.22
662,"Chocolate - Semi Sweet, Calets",Audio,Seamless responsive secured line,216.81
663,Capon - Whole,Drinks,Switchable secondary throughput,197.49
664,Sauce - Rosee,Audio,Compatible bottom-line framework,75.72
665,Soup - Campbells Beef Noodle,Drinks,Customizable heuristic orchestration,194.73
666,"Juice - Apple, 341 Ml",CD,Operative foreground architecture,257.73
667,"Wine - White, Lindemans Bin 95",Drinks,Assimilated bifurcated Graphic Interface,59.05
668,"Lamb - Racks, Frenched",Drinks,Diverse systematic secured line,175.57
669,"Soup - Campbells, Spinach Crm",Drinks,Re-engineered clear-thinking moratorium,27.63
670,Soup Campbells,Drinks,Compatible discrete moratorium,6.22
671,Island Oasis - Strawberry,CD,Extended 5th generation knowledge base,172.0
672,Cranberries - Frozen,Drinks,Managed explicit paradigm,167.25
673,Wine - Domaine Boyar Royal,Drinks,De-engineered grid-enabled core,258.77
674,Nantucket - Pomegranate Pear,Drinks,Switchable disintermediate installation,50.5
675,Ecolab - Solid Fusion,CD,Programmable demand-driven model,179.33
676,"Tart Shells - Savory, 4",Audio,Multi-layered interactive local area network,57.62
677,Ocean Spray - Kiwi Strawberry,CD,Balanced actuating hierarchy,74.44
678,Chocolate - Liqueur Cups With Foil,Drinks,Programmable attitude-oriented support,175.37
679,"Veal - Brisket, Provimi, Bone - In",CD,Realigned zero administration database,300.59
680,Herb Du Provence - Primerba,Audio,Seamless solution-oriented secured line,227.3
681,Pepsi - 600ml,Drinks,Object-based asynchronous pricing structure,110.55
682,Beer - Steamwhistle,Drinks,Universal systemic focus group,39.55
683,Juice - V8 Splash,Drinks,Multi-layered mobile knowledge user,174.04
684,Juice - Prune,Drinks,Ergonomic even-keeled moratorium,241.06
685,Beef - Ground Lean Fresh,Audio,Optimized tertiary project,19.11
686,Tuna - Salad Premix,Audio,Virtual user-facing orchestration,143.42
687,Soup Campbells - Tomato Bisque,CD,Fundamental 6th generation algorithm,261.02
688,V8 - Berry Blend,CD,Multi-layered interactive encoding,306.36
689,Spice - Onion Powder Granulated,Drinks,Triple-buffered system-worthy concept,90.75
690,Pork - Backs - Boneless,Audio,Sharable hybrid challenge,31.29
691,"Lamb - Whole, Frozen",Audio,Persevering coherent moratorium,48.21
692,Ecolab Silver Fusion,CD,Robust user-facing strategy,181.54
693,"Cheese - Mozzarella, Shredded",Drinks,Down-sized system-worthy challenge,89.79
694,"Sauce - Gravy, Au Jus, Mix",Components,Ergonomic tangible groupware,154.28
695,Wasabi Paste,E-Readers,Down-sized bottom-line migration,151.44
696,Ginger - Crystalized,Drinks,Customer-focused exuding data-warehouse,89.13
697,Sole - Fillet,Audio,Devolved cohesive superstructure,253.67
698,Tuna - Yellowfin,CD,Optional multimedia capacity,130.82
699,Nut - Macadamia,Components,Diverse system-worthy algorithm,148.37
700,Trout - Smoked,Drinks,Organic zero defect time-frame,310.19
701,Chocolate - Feathers,Drinks,Visionary multi-tasking infrastructure,225.06
702,Coriander - Seed,Drinks,Managed clear-thinking service-desk,260.48
703,Stainless Steel Cleaner Vision,Drinks,Sharable fresh-thinking model,92.93
704,Coffee Swiss Choc Almond,Drinks,User-centric tangible website,6.16
705,Wine - Casillero Del Diablo,Drinks,Persevering context-sensitive moderator,189.08
706,Oil - Coconut,Drinks,Cross-platform dedicated approach,234.21
707,Wine - Saint Emilion Calvet,Audio,Re-contextualized 4th generation protocol,5.51
708,Cake - Mini Cheesecake,E-Readers,Exclusive mission-critical protocol,305.99
709,"Syrup - Monin, Swiss Choclate",Drinks,Horizontal 24/7 focus group,279.91
710,"Juice - Clamato, 341 Ml",Drinks,Enhanced uniform capability,292.56
711,"Wine - Bourgogne 2002, La",E-Readers,Universal client-driven synergy,255.17
712,"Octopus - Baby, Cleaned",Drinks,Realigned zero defect Graphical User Interface,304.44
713,Squash - Guords,Audio,Virtual tertiary standardization,307.19
714,Jolt Cola - Electric Blue,Drinks,Advanced multi-tasking data-warehouse,246.53
715,Wine - Pinot Noir Pond Haddock,Audio,User-centric tangible approach,254.72
716,Curry Powder Madras,Drinks,Front-line logistical installation,112.67
717,Oats Large Flake,Audio,Switchable multimedia system engine,76.0
718,Lettuce - Romaine,Audio,Focused bottom-line matrix,265.33
719,Salt - Sea,Components,Extended clear-thinking infrastructure,223.44
720,Onions - Red Pearl,Drinks,Visionary optimizing intranet,54.14
721,"Syrup - Golden, Lyles",Audio,User-centric coherent structure,30.25
722,Lettuce - California Mix,Drinks,Centralized national extranet,166.29
723,Buttons,Drinks,Ergonomic real-time success,112.09
724,Mace Ground,E-Readers,Vision-oriented object-oriented service-desk,30.16
725,Beans - Kidney White,Drinks,Progressive dynamic interface,90.17
726,Oil - Pumpkinseed,Drinks,Fundamental optimal standardization,42.36
727,V8 Splash Strawberry Kiwi,CD,Networked holistic flexibility,298.6
728,Table Cloth 120 Round White,Audio,Seamless systematic product,247.31
729,"Nut - Pine Nuts, Whole",Drinks,Profit-focused didactic hierarchy,123.45
730,Ice Cream Bar - Rolo Cone,Drinks,Enterprise-wide optimal open architecture,205.86
731,Wine - Duboeuf Beaujolais,Drinks,Organic reciprocal challenge,316.33
732,"Pork - Chop, Frenched",CD,Total 6th generation archive,300.45
733,Flounder - Fresh,Drinks,Synchronised radical Graphical User Interface,296.26
734,Grenadine,CD,Distributed needs-based intranet,63.71
735,Wine - Sawmill Creek Autumn,Drinks,Customer-focused multi-state synergy,178.89
736,Crab - Soft Shell,Food,Mandatory exuding success,104.51
737,Bread - Corn Muffaletta,CD,Extended directional toolset,201.4
738,Pork - Caul Fat,CD,Face to face methodical algorithm,113.12
739,Beef Ground Medium,Drinks,Mandatory background conglomeration,207.77
740,Steam Pan Full Lid,Drinks,Synergized needs-based encoding,104.01
741,Sour Cream,Drinks,Organic 5th generation infrastructure,300.45
742,Jolt Cola - Red Eye,Laptops,Adaptive disintermediate architecture,39.25
743,Carbonated Water - Peach,Audio,Compatible asymmetric process improvement,235.18
744,Pickle - Dill,Drinks,User-centric analyzing emulation,297.65
745,Fond - Chocolate,Audio,Robust national capacity,138.87
746,Yogurt - Assorted Pack,Audio,Versatile empowering contingency,69.27
747,Mints - Striped Red,Food,User-friendly directional implementation,237.4
748,Salt And Pepper Mix - Black,Audio,Public-key needs-based hub,287.68
749,Appetizer - Assorted Box,Audio,Cloned bandwidth-monitored pricing structure,130.46
750,Syrup - Monin - Passion Fruit,Audio,Persistent next generation function,117.26
751,"Wine - White, Antinore Orvieto",Drinks,User-friendly bi-directional archive,160.07
752,Glass - Juice Clear 5oz 55005,Audio,Implemented zero defect projection,229.62
753,Pheasants - Whole,Drinks,Sharable 6th generation website,42.96
754,Compound - Rum,Drinks,Profound transitional function,174.49
755,"Tuna - Canned, Flaked, Light",Drinks,Customizable local help-desk,226.71
756,Juice - Lemon,CD,Devolved modular internet solution,209.41
757,Lumpfish Black,Components,Managed local initiative,73.12
758,Cheese - Le Cheve Noir,Drinks,Pre-emptive 4th generation artificial intelligence,76.65
759,"Pasta - Tortellini, Fresh",Audio,Quality-focused high-level access,169.5
760,Appetizer - Escargot Puff,Drinks,Self-enabling content-based artificial intelligence,163.95
761,Lemon Balm - Fresh,Drinks,Fundamental object-oriented strategy,61.14
762,Onions - Cippolini,Drinks,User-friendly dynamic secured line,14.46
763,Peach - Fresh,Drinks,Decentralized interactive core,185.7
764,"Wine - White, Riesling, Henry Of",Drinks,Reactive 24/7 instruction set,6.62
765,Sambuca Cream,Drinks,Vision-oriented cohesive encryption,188.5
766,"Sugar - Brown, Individual",Audio,Cross-platform modular productivity,133.33
767,Momiji Oroshi Chili Sauce,Drinks,Optimized systematic strategy,264.81
768,"Nut - Pecan, Halves",Drinks,Profit-focused needs-based approach,266.69
769,Pear - Packum,Audio,Enhanced contextually-based support,176.94
770,Chicken Thigh - Bone Out,Drinks,Right-sized analyzing migration,194.42
771,"Doilies - 10, Paper",Drinks,Ergonomic disintermediate circuit,87.71
772,Island Oasis - Pina Colada,Drinks,Progressive demand-driven service-desk,13.48
773,Bread - Raisin Walnut Oval,CD,Progressive even-keeled core,168.75
774,Towels - Paper / Kraft,Drinks,Expanded bandwidth-monitored initiative,236.09
775,Miso - Soy Bean Paste,CD,Configurable homogeneous benchmark,101.18
776,Bouq All Italian - Primerba,Drinks,Decentralized secondary frame,90.25
777,Glass - Juice Clear 5oz 55005,Drinks,Inverse fresh-thinking hierarchy,113.26
778,Lettuce - Baby Salad Greens,Drinks,Mandatory foreground capacity,239.43
779,"Lamb - Loin, Trimmed, Boneless",Components,Monitored motivating flexibility,155.55
780,Beef - Tenderloin - Aa,Drinks,Innovative even-keeled Graphical User Interface,24.56
781,Pastry - Plain Baked Croissant,Drinks,Synchronised web-enabled internet solution,289.33
782,Arctic Char - Fillets,E-Readers,Exclusive client-driven protocol,166.83
783,Cheese - Ermite Bleu,Audio,Right-sized solution-oriented artificial intelligence,268.1
784,Wine - Barbera Alba Doc 2001,Drinks,Cloned optimizing migration,121.67
785,Bread - Olive Dinner Roll,CD,Upgradable mobile hardware,7.13
786,Cookie Double Choco,Audio,Reduced needs-based knowledge base,193.24
787,Apple - Royal Gala,Components,Customer-focused directional project,265.27
788,"Beef - Tongue, Cooked",Drinks,Public-key context-sensitive open system,256.8
789,Bread - Crusty Italian Poly,Drinks,Re-contextualized systemic Graphic Interface,201.69
790,Wine - Charddonnay Errazuriz,Audio,Profound tertiary model,270.85
791,Pasta - Ravioli,Drinks,Multi-tiered reciprocal artificial intelligence,278.69
792,"Chocolate - Pistoles, Lactee, Milk",Drinks,Multi-channelled 6th generation superstructure,210.5
793,Calaloo,Drinks,Networked interactive solution,12.3
794,Danishes - Mini Raspberry,Drinks,Streamlined zero tolerance forecast,67.44
795,Lobster - Canned Premium,Audio,Switchable regional matrix,146.32
796,Rice - Brown,CD,Visionary tangible portal,189.02
797,"Pail - 4l White, With Handle",CD,Customer-focused fresh-thinking forecast,294.86
798,Carbonated Water - Peach,Drinks,Pre-emptive modular utilisation,98.09
799,Beans - Kidney White,Audio,Re-contextualized didactic core,184.13
800,Lettuce Romaine Chopped,Audio,Automated heuristic artificial intelligence,240.11
801,Lentils - Green Le Puy,Drinks,Down-sized 6th generation contingency,260.58
802,Ice Cream Bar - Drumstick,Drinks,Progressive asynchronous projection,74.1
803,Green Tea Refresher,Laptops,Versatile foreground array,237.3
804,Wine - Barbera Alba Doc 2001,Audio,Ergonomic background project,172.96
805,Chicken - Whole,CD,Re-contextualized intermediate middleware,315.62
806,Persimmons,Drinks,Enhanced zero administration collaboration,16.95
807,Beans - French,Audio,Quality-focused intermediate hardware,88.13
808,Cake - Cake Sheet Macaroon,Drinks,Synergized maximized application,184.65
809,Cup - 4oz Translucent,Drinks,Upgradable coherent Graphic Interface,223.8
810,"Soup - Campbells, Spinach Crm",Audio,Future-proofed dedicated internet solution,314.53
811,Pork Ham Prager,Audio,Persistent systemic projection,152.96
812,Chicken Breast Wing On,E-Readers,Devolved coherent array,3.83
813,Sauce - Rosee,Drinks,Expanded 5th generation flexibility,297.23
814,Chips - Doritos,Drinks,Open-architected optimal portal,62.34
815,Swordfish Loin Portions,CD,Customizable global instruction set,32.85
816,Lid - 0090 Clear,Laptops,Progressive mobile standardization,119.28
817,Sugar - Cubes,Drinks,Quality-focused 6th generation budgetary management,123.67
818,Wine - Chateau Bonnet,Components,Vision-oriented radical hub,120.3
819,Bread - Bistro Sour,Components,Down-sized asynchronous pricing structure,66.02
820,Pork - Bones,Drinks,Down-sized cohesive standardization,254.29
821,"Wine - White, Mosel Gold",Drinks,Enterprise-wide systematic solution,119.77
822,Cornflakes,Components,User-centric multi-tasking collaboration,103.65
823,Petite Baguette,Drinks,Re-engineered bifurcated hierarchy,214.67
824,Flower - Daisies,Audio,Re-contextualized optimizing system engine,191.52
825,Wine - Chateauneuf Du Pape,Drinks,Team-oriented methodical contingency,150.14
826,Carbonated Water - Lemon Lime,Drinks,Compatible object-oriented migration,43.13
827,Extract - Almond,Drinks,Enhanced interactive emulation,129.2
828,Soup - Campbells Mac N Cheese,Drinks,Persistent upward-trending core,284.28
829,Vinegar - Raspberry,CD,User-centric zero defect frame,230.48
830,"Cake Circle, Foil, Scallop",Laptops,Phased 3rd generation challenge,253.85
831,Island Oasis - Pina Colada,Audio,Balanced multi-state local area network,175.54
832,Appetizer - Asian Shrimp Roll,Components,Synergized tertiary collaboration,71.4
833,Vinegar - Raspberry,Drinks,Multi-tiered regional attitude,205.84
834,Muffin Mix - Corn Harvest,Drinks,Quality-focused bifurcated projection,126.5
835,"Appetizer - Spring Roll, Veg",Drinks,Universal disintermediate collaboration,117.67
836,Juice - Lagoon Mango,CD,Quality-focused bandwidth-monitored complexity,58.62
837,"Iced Tea - Lemon, 340ml",Audio,Implemented mobile data-warehouse,203.78
838,Clam - Cherrystone,Drinks,User-centric impactful installation,302.28
839,Gingerale - Diet - Schweppes,Drinks,Optional object-oriented frame,113.54
840,"Pepper - Paprika, Spanish",Drinks,Implemented empowering artificial intelligence,52.5
841,Salt - Sea,Drinks,Team-oriented solution-oriented protocol,163.1
842,Aspic - Light,CD,Grass-roots client-driven instruction set,128.24
843,Ham Black Forest,Audio,Operative global system engine,124.94
844,Venison - Ground,Drinks,Front-line asymmetric structure,16.54
845,Tomato - Tricolor Cherry,Drinks,Networked well-modulated monitoring,182.91
846,Eggs - Extra Large,Drinks,Multi-tiered object-oriented model,85.53
847,Nantucket Apple Juice,Drinks,Pre-emptive bottom-line conglomeration,201.64
848,Bread - Kimel Stick Poly,Drinks,Assimilated multi-tasking matrix,262.78
849,Pepper - Gypsy Pepper,Drinks,Vision-oriented global structure,300.43
850,Kellogs Special K Cereal,Audio,Ameliorated client-server Graphical User Interface,215.69
851,Oil - Peanut,Food,Persevering foreground solution,209.24
852,Bread Base - Toscano,CD,Organized national parallelism,139.38
853,Chinese Foods - Plain Fried Rice,Components,Customer-focused human-resource concept,283.59
854,Napkin Colour,Laptops,Managed multimedia contingency,154.6
855,Lobster - Base,CD,Vision-oriented responsive leverage,219.94
856,Veal - Osso Bucco,CD,Team-oriented zero defect groupware,312.03
857,Cookie - Oatmeal,Laptops,Versatile multi-state workforce,170.31
858,"Doilies - 5, Paper",Drinks,Progressive analyzing process improvement,100.46
859,"Mushroom - Trumpet, Dry",CD,Secured zero tolerance neural-net,172.04
860,Salmon - Canned,CD,User-friendly solution-oriented workforce,246.57
861,Wine - Ruffino Chianti Classico,Drinks,Visionary uniform software,200.54
862,Tamarind Paste,Drinks,Automated bi-directional internet solution,144.2
863,Garlic,Drinks,Organic 24/7 adapter,201.04
864,Caviar - Salmon,CD,Vision-oriented global paradigm,62.77
865,Pastry - Key Limepoppy Seed Tea,Audio,Secured demand-driven implementation,5.72
866,Wine - Zonnebloem Pinotage,Audio,Devolved real-time initiative,175.48
867,Grenadillo,Drinks,Virtual human-resource middleware,171.39
868,English Muffin,E-Readers,Ameliorated intermediate open architecture,184.23
869,Soho Lychee Liqueur,Components,Open-source tertiary hierarchy,36.46
870,Cream Of Tartar,Drinks,Implemented even-keeled challenge,35.42
871,Onion Powder,Drinks,Cross-platform bi-directional process improvement,147.21
872,"Split Peas - Green, Dry",Audio,Enhanced multi-state analyzer,185.43
873,Beer - Corona,Audio,Open-architected real-time structure,317.22
874,Sultanas,Audio,Stand-alone analyzing hierarchy,67.97
875,"Pail - 4l White, With Handle",CD,Assimilated static extranet,61.79
876,Dawn Professionl Pot And Pan,Drinks,Integrated modular task-force,166.83
877,Wine - Jackson Triggs Okonagan,Drinks,Quality-focused foreground contingency,187.53
878,"Sauce - Black Current, Dry Mix",Drinks,Profit-focused fresh-thinking knowledge user,181.44
879,Wine - Alicanca Vinho Verde,CD,Visionary scalable hub,12.5
880,"Salt - Rock, Course",Audio,Profit-focused interactive moderator,154.05
881,Yoghurt Tubes,Drinks,Automated neutral data-warehouse,77.15
882,"Wine - White, Ej Gallo",Drinks,Intuitive human-resource task-force,241.59
883,Carbonated Water - Cherry,Drinks,Profound system-worthy Graphic Interface,124.74
884,Wine - Placido Pinot Grigo,Laptops,Digitized multi-tasking intranet,172.94
885,"Wine - Red, Gamay Noir",Audio,Open-architected fault-tolerant intranet,221.58
886,"Juice - Clam, 46 Oz",Audio,Robust methodical implementation,16.79
887,Sesame Seed Black,Drinks,Enterprise-wide bottom-line archive,193.05
888,Dried Peach,Drinks,Decentralized fault-tolerant extranet,266.1
889,Cut Wakame - Hanawakaba,Components,Operative coherent complexity,287.65
890,Neckerchief Blck,Drinks,Diverse methodical success,111.93
891,Beef - Ox Tongue,Components,Ergonomic national model,45.83
892,Coconut Milk - Unsweetened,Drinks,Profound even-keeled website,15.76
893,Ecolab - Lime - A - Way 4/4 L,Audio,Ameliorated coherent hierarchy,98.15
894,Carbonated Water - Lemon Lime,Drinks,Distributed 3rd generation website,274.63
895,"Shrimp, Dried, Small / Lb",Drinks,Advanced zero administration local area network,247.89
896,Scampi Tail,Drinks,Ameliorated object-oriented task-force,189.64
897,"Red Snapper - Fillet, Skin On",Audio,Intuitive bandwidth-monitored encoding,210.41
898,"Tart Shells - Sweet, 4",Drinks,Assimilated zero defect workforce,144.18
899,Pop Shoppe Cream Soda,Drinks,Open-source multi-state service-desk,68.68
900,Bowl 12 Oz - Showcase 92012,Drinks,Adaptive mobile synergy,222.07
901,Napkin Colour,Components,Proactive disintermediate Graphical User Interface,12.94
902,"Rum - Coconut, Malibu",Drinks,Secured empowering intranet,31.96
903,Ice Cream - Strawberry,Drinks,Quality-focused optimal data-warehouse,99.52
904,Butter Balls Salted,Audio,Mandatory 5th generation encoding,51.83
905,"Marjoram - Dried, Rubbed",Drinks,Persistent client-driven moratorium,11.01
906,Peach - Halves,Audio,Multi-layered discrete intranet,132.17
907,Garbage Bags - Clear,Drinks,Advanced zero defect knowledge base,171.99
908,Sage Ground Wiberg,Drinks,Cloned non-volatile approach,286.07
909,Brandy - Bar,Drinks,Team-oriented high-level complexity,130.79
910,"Rice Pilaf, Dry,package",Drinks,Down-sized attitude-oriented contingency,80.59
911,Cup - 4oz Translucent,Drinks,Expanded non-volatile throughput,45.31
912,"Nut - Pine Nuts, Whole",Audio,Cloned needs-based product,72.36
913,Pork - Ground,Components,Implemented user-facing project,16.45
914,"Wine - White, Mosel Gold",Laptops,Secured exuding product,232.94
915,Mcguinness - Blue Curacao,Drinks,Integrated tertiary alliance,305.33
916,Truffle Cups - Red,Audio,Progressive local methodology,134.68
917,Chocolate - Dark Callets,CD,Object-based reciprocal adapter,149.66
918,Seaweed Green Sheets,Drinks,Distributed user-facing framework,267.57
919,Lime Cordial - Roses,Audio,Inverse client-server pricing structure,217.07
920,Pepper - Pablano,Audio,Profit-focused human-resource software,197.34
921,"Bread - Pullman, Sliced",CD,Programmable multi-state initiative,131.94
922,"Beef - Rib Roast, Cap On",Audio,Optional radical emulation,291.22
923,Table Cloth 54x54 White,CD,Organized stable conglomeration,318.3
924,Couscous,Drinks,Expanded real-time secured line,89.14
925,Rice - Wild,Audio,Integrated zero defect orchestration,248.88
926,"Pork - Tenderloin, Fresh",CD,Balanced radical complexity,201.62
927,Juice - Orangina,Audio,Devolved fresh-thinking concept,28.41
928,"Olives - Black, Pitted",Drinks,Cross-platform explicit complexity,95.35
929,Macaroons - Homestyle Two Bit,Laptops,Front-line composite hardware,16.8
930,Lychee - Canned,Audio,Business-focused mission-critical encryption,104.77
931,Beef - Bresaola,Drinks,Synergized interactive collaboration,176.91
932,Appetizer - Escargot Puff,Drinks,Down-sized directional initiative,231.85
933,Flour - Rye,CD,Synergized logistical time-frame,182.03
934,Wine - Vidal Icewine Magnotta,Audio,Open-source intangible functionalities,70.25
935,"Beef - Ox Tongue, Pickled",Cables,Vision-oriented impactful attitude,206.95
936,Steam Pan Full Lid,Audio,Multi-lateral radical website,318.57
937,Pickle - Dill,Audio,Persevering cohesive leverage,118.96
938,"Pasta - Bauletti, Chicken White",CD,Self-enabling well-modulated monitoring,151.53
939,Cup Translucent 9 Oz,Drinks,Diverse composite time-frame,270.66
940,Foam Cup 6 Oz,Drinks,Quality-focused multi-state flexibility,291.29
941,Instant Coffee,Drinks,Focused reciprocal time-frame,127.21
942,"Chicken - Wings, Tip Off",Audio,De-engineered logistical core,77.73
943,"Veal - Brisket, Provimi,bnls",Drinks,Persistent non-volatile array,165.63
944,Nantucket Pine Orangebanana,Audio,Function-based value-added forecast,131.41
945,Cake - Night And Day Choclate,Drinks,Focused transitional policy,312.58
946,Table Cloth 62x120 Colour,Drinks,User-friendly fault-tolerant standardization,301.38
947,Lemons,CD,Customer-focused actuating framework,237.66
948,Sea Urchin,Drinks,Multi-channelled solution-oriented help-desk,214.86
949,Corn Syrup,CD,Face to face leading edge framework,272.07
950,Vinegar - Red Wine,Drinks,Optional scalable service-desk,106.76
951,Tuna - Fresh,Drinks,Assimilated 4th generation secured line,141.23
952,Yucca,Drinks,Multi-lateral empowering analyzer,140.06
953,Lettuce - Red Leaf,Drinks,Grass-roots bottom-line migration,212.71
954,Cotton Wet Mop 16 Oz,Audio,Phased interactive emulation,98.47
955,Vinegar - Rice,CD,Decentralized client-driven collaboration,123.65
956,"Mushroom - Morels, Dry",Audio,Pre-emptive even-keeled toolset,16.67
957,"Pasta - Rotini, Dry",Audio,Centralized systemic archive,259.92
958,"Mushrooms - Black, Dried",CD,Ergonomic actuating software,18.04
959,Soup Campbells Mexicali Tortilla,Drinks,Innovative responsive core,91.44
960,Salmon Steak - Cohoe 6 Oz,Laptops,Adaptive executive neural-net,123.29
961,"Onions - Dried, Chopped",Drinks,Future-proofed optimizing capability,222.76
962,"Juice - Cranberry, 341 Ml",CD,Innovative dedicated support,136.24
963,"Club Soda - Schweppes, 355 Ml",Drinks,Innovative asymmetric Graphic Interface,134.24
964,Corn Kernels - Frozen,Laptops,Inverse secondary data-warehouse,239.91
965,Meldea Green Tea Liquor,CD,Profit-focused radical synergy,60.76
966,Apple - Northern Spy,Drinks,Synergistic multimedia strategy,236.04
967,Cheese - Brie Roitelet,Drinks,Persistent asymmetric process improvement,222.55
968,Oysters - Smoked,Drinks,Diverse directional time-frame,306.19
969,Ecolab - Medallion,Audio,Self-enabling attitude-oriented emulation,265.15
970,Veal - Loin,Drinks,Multi-lateral secondary model,281.45
971,"Pasta - Penne, Lisce, Dry",CD,Automated bottom-line conglomeration,164.23
972,Sprouts - Corn,Drinks,Intuitive eco-centric budgetary management,195.48
973,Sausage - Andouille,Drinks,Centralized static firmware,185.07
974,"Marsala - Sperone, Fine, D.o.c.",Drinks,Organic multimedia encoding,231.22
975,Bar Special K,Drinks,Decentralized system-worthy paradigm,161.19
976,The Pop Shoppe - Grape,CD,Stand-alone upward-trending leverage,246.81
977,Foam Espresso Cup Plain White,Audio,Cross-platform holistic Graphical User Interface,46.09
978,"Wine - Red, Black Opal Shiraz",Audio,Universal neutral help-desk,117.93
979,Appetizer - Tarragon Chicken,Audio,Proactive context-sensitive focus group,74.58
980,Pepper - Green,Drinks,Multi-lateral upward-trending adapter,262.69
981,Pork - Smoked Back Bacon,Drinks,Enterprise-wide uniform workforce,225.29
982,Tea - Herbal I Love Lemon,Drinks,Assimilated impactful migration,249.53
983,Bread - Bistro Sour,Drinks,Object-based non-volatile approach,183.97
984,Milk - 2% 250 Ml,Laptops,Programmable zero tolerance knowledge base,119.58
985,"Beef - Ox Tongue, Pickled",Drinks,Balanced cohesive challenge,59.86
986,Cream Of Tartar,Audio,Extended reciprocal throughput,1.86
987,"Crab - Dungeness, Whole",CD,Reduced zero administration collaboration,23.87
988,Flower - Dish Garden,CD,Adaptive bi-directional capability,229.56
989,Cream Of Tartar,Drinks,De-engineered foreground collaboration,305.21
990,French Kiss Vanilla,Drinks,Function-based well-modulated service-desk,130.76
991,Cabbage - Red,Drinks,Re-contextualized stable neural-net,256.01
992,Cake Sheet Combo Party Pack,Audio,Robust modular paradigm,139.73
993,Monkfish - Fresh,Components,Adaptive mobile success,291.17
994,Sansho Powder,Food,Total even-keeled synergy,52.52
995,Shrimp - Black Tiger 6 - 8,Audio,Cross-platform fresh-thinking firmware,286.38
996,Eggwhite Frozen,Drinks,Cloned intermediate productivity,131.31
997,Wine - Saint Emilion Calvet,CD,Optional context-sensitive conglomeration,197.26
998,Cucumber - English,Components,Innovative cohesive data-warehouse,165.4
999,Energy Drink Bawls,Drinks,Balanced needs-based local area network,290.28
1000,"Lamb - Whole, Frozen",Drinks,Versatile heuristic core,143.2
